politician_key,pac_name
"Akbari, Raumesh",Akbari Pac
"Bailey, Paul",Pb Pac
"Bell, Mike",Bell Pac
"Blackburn, Marsha (2026 Governor Campaign)",Team Tennessee
"Blackburn, Marsha (Federal Pac)",Marsha Pac
"Boyd, Clark",Jcb Pac
"Briggs, Richard",Briggs Pac
"Brooks, Kevin",Tn-K Pac
"Butt, Sheila",Sheila'S Liberty Pac
"Camper, Karen",Camp Pac
"Carr, Joe",Joe Pac
"Casada, Glen",Cas-Pac
"Casada, Glen",Right Tennessee
"Clemmons, John Ray",Invictus Pac
"Curcio, Michael G.",Mgc Pac
"Curtiss, Charles",Curtiss Pac
"Durham, Jeremy",Durham Pac
"Faison, Jeremy",Faison'S Freedom
"Fitzhugh, Craig",Fitz Pac
"Garrett, Johnny",Garrett Pac
"Green, Mark",Green Pac
"Grills, Rusty",G-Pac
"Haile, Ferrell",Haile Pac
"Harwell, Beth",Harwell Pac
"Harwell, Beth",Tennesseans For Good State Government
"Haslam, Bill",Jobs4Tn Pac
"Hazlewood, Patsy",Haz-Pac
"Hill, Matthew",Overmountain Pac
"Hill, Timothy",People Working For Reform
"Jernigan, Darren",Tristar Pac
"Johnson, Curtis",Johnson Victory Pac
"Johnson, Jack",Jack - Pac
"Kelsey, Brian",Red State Pac
"Ketron, Bill",Quest Pac
"Kyle, Sara",Yellow Rose Pac
"Lamberth, William",Lamberth Pac
"Littleton, Mary",Dickson County Republican Party
"Lundberg, Jon",Nash Pac
"Marsh, Pat",Marsh For Tennessee Business Pac
"McCalmon, Jacob",Becpac
"McCormick, Gerald",McCormick Pac
"McNally, Randy",McPac
"Mumpower, Jason",Mumpac
"Norris, Mark",Mpac
"Overbey, Doug",The Overbey Pac
"Pearson, Justin",Movement For Justice
"Ramsey, Ron",Raampac
"Reedy, Jay",Reedy Pac
"Roberts, Kerry",Tennessee Victory Pac
"Sexton, Cameron",Cam Pac
"Stevens, John",Stevens Pac
Tennessee Democratic Caucus,Tennessee Black Caucus Of State Legislators
Tennessee Democratic Caucus,House Democratic Caucus
Tennessee Democratic Caucus,Tennessee Legislative Democrats
Tennessee Democratic Caucus,House Senate Democratic Caucus
Tennessee Democratic Caucus,Senate Democratic Caucus
Tennessee Democratic Caucus,Tennessee Democratic Party
Tennessee Republican Caucus,Senate Republican Caucus
Tennessee Republican Caucus,House Republican Caucus
Tennessee Republican Caucus,Tennessee Legislative Campaign Committee
Tennessee Republican Caucus,Tennessee Republican Caucus
"Todd, Chris",Todd For A Better Tennessee Pac
"Tracy, Jim",Jim Tracy Leadership Pac
"Travis, Ron",Insurance And Banking Pac
"Vaughan, Kevin",Kevpac
"Watson, Bo",Bow-Pac
"Watson, Bo",Bowpac
"Williams, Ryan",Ry - Pac
"Williams, W. Kent",Kpac
"Wirgau, Timothy",West Tn Cream Of The Crop
"Yager, Ken",Keypac
"Yarbro, Jeff",Envision Tennessee
"Zachary, Jason",Zac Pac
