company_name,year,amount
1-800 Contacts C/O Multistate Associates Inc.,2015,65000.0
111 Motorcars Llc,2025,22500.0
160 Driving Academy,2023,42500.0
180 Health Partners,2017,170000.0
"21St Century Living Services, Inc.",2012,72500.0
21St District Recovery Court,2020,120000.0
25 For Life,2021,85000.0
"34Ed, Llc",2024,225000.0
"34Ed, Llc D/B/A Centegix",2025,205000.0
"3Ls, Inc.",2025,210000.0
50 Can Action Dba/Fccs Action,2025,20000.0
"511 Group, Inc",2012,55000.0
"615Gp, Llc",2021,377500.0
80/20 Entertainment,2013,20000.0
A Better Balance,2020,132500.0
"A Secret Safe Place For Newborns, Inc.",2023,60000.0
A Soldier'S Child,2024,32500.0
A-1 Interlocks Inc,2013,30000.0
Aapan,2021,75000.0
Abbvie Inc.,2015,572500.0
Abe'S Garden,2012,10000.0
Abilis Solutions Corp,2021,122500.0
"Absolute Wireless, Llc",2015,10000.0
Acadia Healthcare,2016,917500.0
Acadia Pharmaceuticals,2022,225000.0
Acadian Ambulance Service Of Tennessee Llc,2019,90000.0
Ace American Insurance Company,2011,662500.0
Acorn Health Of Tennessee Llc,2021,332500.0
Acs Commercial Roofing,2019,42500.0
Act Education Corp.,2024,67500.0
Act The App Association,2024,40000.0
Act. Inc,2012,757500.0
"Action Now Initiative, Llc",2018,510000.0
"Acuity, A Mutual Insurance Company",2023,110000.0
"Adapt Pharma, Inc.",2016,50000.0
"Adenus Group, Llc",2021,52500.0
Adf Action,2023,97500.0
Admiral Enforcement Ii Llc,2025,172500.0
Adobe Systems Incorporated,2017,22500.0
Adtalem Global Education,2018,32500.0
Advance America,2012,140000.0
Advanced Biohealing,2011,62500.0
Advanced Medical Technology Association (Advamed),2020,90000.0
Advantage Capital,2021,345000.0
Advocates For Women'S And Kids' Equality (Awake) Tennessee,2021,125000.0
"Aecom Consult, Inc.",2024,170000.0
Aegerion Pharmaceuticals,2016,40000.0
Aegis Sciences Corporation,2013,1207500.0
"Aero Payments, Inc.",2025,10000.0
Aeroflow Health,2023,197500.0
"Affiliated Computer Services, Inc., A Xerox Company And Its Affiliates",2011,80000.0
"Affinity Partners, Llc",2016,40000.0
"Affordable Equity Partners, Inc.",2022,612500.0
Afton Chemical,2013,55000.0
"Agape Child & Family Services, Inc.",2024,145000.0
Age Of Learning,2024,62500.0
Aglaunch Initiative,2018,192500.0
Agudath Israel Of America,2014,70000.0
Ahios,2022,22500.0
Air Methods Corporation,2016,710000.0
"Air-Conditioning, Heating, And Refrigeration Institute",2014,40000.0
Airbnb,2016,1225000.0
Aircraft Owners And Pilots Association,2013,50000.0
Ajmc Llc,2022,112500.0
Akzonobel Coatings Inc.,2023,290000.0
Alcohol Monitoring Systems,2016,265000.0
Alec Action,2025,10000.0
"Aleris Recycling, Inc.",2012,20000.0
"Alexion Pharmaceuticals, Inc.",2021,112500.0
Alfa Mutual Insurance Company,2024,95000.0
Alibaba,2024,95000.0
Alice I. Hooker Estate,2021,20000.0
Alkermes,2015,915000.0
"Allegis, Redwood, Maxim Public Affairs, Llc",2020,447500.0
Allergan,2018,297500.0
Allergy Associates,2014,1515000.0
Allheath Choice,2018,10000.0
Alliance For American Manufacturing,2011,10000.0
Alliance For Automotive Innovation,2020,310000.0
"Alliance For Excellent Education, Inc.",2025,32500.0
Alliance For Patient Access,2019,52500.0
Alliance For Responsiable Consumer Legal Funding,2015,150000.0
"Alliance Healthcare Services, Inc.",2022,297500.0
Alliance Of Health Care Sharing Ministries,2023,150000.0
Allpoints,2020,182500.0
"Allvest Information Services, Inc. Dba Vant4Ge",2024,30000.0
"Almost Family, Inc.",2016,62500.0
"Alpha Alert Systems, Inc.",2023,30000.0
Als Association,2023,142500.0
Alternative Service Concepts,2013,32500.0
Alternatives To Incarceration Llc D/Ba/ A2I,2024,107500.0
Amarok,2022,62500.0
"Amedisys, Inc.",2016,382500.0
"America'S Car Mart, Inc.",2013,75000.0
America'S Power,2019,55000.0
American Academy Of Ophthalmology,2014,32500.0
"American Advancement, Inc.",2024,110000.0
American Association For Debt Resolution C/O Multistate Associates Llc,2024,45000.0
American Association For Homecare,2019,847500.0
American Association Of University Women,2016,40000.0
American Bail Coalition,2023,180000.0
American Battlefield Trust,2021,225000.0
American Beverage Association,2025,305000.0
American Beverage Corporation,2017,32500.0
American Board,2021,45000.0
American Board Of Medical Specialties,2017,110000.0
American Center For Outreach,2012,110000.0
American Chemistry Council,2016,285000.0
American Cleaning Institute,2011,30000.0
American Coalition For Clean Coal Electricity,2014,122500.0
American College Of Obstetricians And Gynecologists,2018,385000.0
American Conservative Union,2013,102500.0
American Council Of Trustees And Alumni,2022,20000.0
American Doctor Of Medical Science Association,2018,42500.0
American Exchange,2021,167500.0
American Express,2014,572500.0
American Express Travel Related Services,2019,312500.0
American Fair Credit Council C/O Multistate Associates,2018,177500.0
American Families For Vaccines Action Fund,2025,45000.0
American Fidelity Corporation,2017,135000.0
"American Healthways Services, Llc",2014,255000.0
American Hotel Lodging Association C/O Multistate Associates Inc.,2022,45000.0
American Hotel Lodging Association C/O Multistate Associates Llc,2023,235000.0
American Kennel Club,2016,32500.0
American Kidney Fund,2017,75000.0
American Kratom Association,2021,222500.0
American Legal Finance Association,2011,260000.0
American Lung Association,2018,1377500.0
American Massage Therapy Association-Tn Chapter,2019,182500.0
American Nonsmokers' Rights Foundation,2021,280000.0
"American Prison Data Systems, Pbc",2021,20000.0
American Progressive Bag Alliance,2019,32500.0
American Property Casualty Insurance Association,2019,375000.0
American Society For Reproductive Medicine,2025,42500.0
American Society For Reproductive Medicinee,2025,42500.0
American Strategic Insurance Corp,2013,117500.0
"American Subcontractors Association, Inc.",2018,257500.0
American Suntanning Association,2018,45000.0
American Textile Recycling Services,2015,115000.0
"American Wagering Inc, -",2023,235000.0
American Water Works Association,2018,365000.0
American Whitewater,2018,20000.0
Americans For Citizen Voting,2025,22500.0
Americans For Prosperity,2011,2410000.0
Americans United For Separation Of Church And State,2011,620000.0
"Amerimed Emergency Medical Services, Llc",2020,242500.0
Ameripen,2025,20000.0
"Ameriteam Services, Llc",2025,42500.0
Amplify Awake,2020,20000.0
"Amplify Education, Inc.",2016,220000.0
Ancestry.Com Llc,2023,20000.0
Ancora Tn,2024,10000.0
Anderson County Government,2017,10000.0
Andrew Jackson Foundation,2025,85000.0
Andy Frain Services,2012,20000.0
"Anesthesia Medical Group, P.C.",2024,187500.0
Anesthesia Services Associates,2014,260000.0
Anheuser-Busch,2011,1887500.0
Animal Policy Group,2024,20000.0
"Apex Clean Energy Management, Llc",2017,137500.0
Apollo Education Group,2013,412500.0
Appalachian Voices,2012,85000.0
Apple Inc.,2014,395000.0
Appriss Insights,2012,682500.0
"Aramark Correctional Services, Llc",2011,835000.0
"Aramark Educational Services, Llc",2013,42500.0
"Aramark Management Services, Lp",2017,85000.0
"Aramark Sports & Entertainment, Llc",2016,65000.0
Arcare,2025,10000.0
Arconic,2016,427500.0
"Arcus Hunting, Llc",2018,30000.0
Argand Holdings Llc Dba Revolytic,2014,42500.0
Argentum,2022,405000.0
Ariva Health Plan Inc.,2011,10000.0
Armoured One Llc,2024,365000.0
Arrival Automotive Usa Inc,2022,20000.0
Artanis Emergency Communities,2025,52500.0
Artazn Llc,2021,285000.0
Arthritis Foundation Inc.,2020,472500.0
Article Iv,2022,85000.0
Arts & Culture Alliance Of Greater Knoxville,2023,42500.0
"Asa Engineering & Consulting, Inc.",2014,152500.0
Ash Grove Cement Company,2016,60000.0
Aspire Foundation,2020,115000.0
Aspire Public Schools,2012,77500.0
Associated Commodities Corporation,2017,62500.0
Association For Accessible Medicines,2022,80000.0
Association For Consumer Debt Relief C/O Multistate Associates Llc,2025,45000.0
Association For Responsible Alternatives To Workers' Compensation,2014,255000.0
Association For The Future Of Film & Television,2011,40000.0
Association Of American Publishers C/O Multistate Associates Inc.,2014,97500.0
Association Of Equipment Manufacturers,2024,20000.0
"Association Of Global Automakers, Inc.",2017,20000.0
Association Of Health Information Outsourcing Services (Ahios) C/O Multistate Associates Llc,2023,130000.0
Association Of Health Information Outsourcing Services C/O Multistate Associates Inc. (Ahios),2022,10000.0
Association Of Perioperative Registered Nurses,2019,55000.0
Association Of Tennessee Life Insurance Companies,2022,115000.0
Asurion,2015,610000.0
Attend Behavior,2025,10000.0
"Attenti Us, Inc.",2020,85000.0
"Aunt Bertha, A Public Benefit Corporation D/B/A Findhelp",2022,240000.0
Aurora Properties Llc,2017,210000.0
Autism Speaks,2013,390000.0
Autobase Inc.,2024,112500.0
"Autodesk, Inc.",2015,75000.0
Automated Health Systems,2014,222500.0
Automated Healthcare Solutions,2015,167500.0
Avalon Healthcare Solutions,2022,152500.0
"Avanir Pharmaceuticals, Inc.",2015,60000.0
Avaya,2012,705000.0
Avenue Diner Llc,2016,75000.0
"Averitt Aviation Group, Inc.",2011,62500.0
"Averitt Express, Inc.",2017,20000.0
Avesis,2022,117500.0
"Aviagen, Inc.",2019,370000.0
"Avr Investments, Llc",2024,45000.0
"Axon Enterprise, Inc.",2017,577500.0
"B&W Farms, Llc",2021,42500.0
"Bacon Farmer Workman Engineering & Testing, Inc.",2011,872500.0
Ballad Health,2018,5257500.0
Bank Of America,2011,1445000.0
Bank Of Bartlett,2015,20000.0
"Bare Knuckle Fighting, Llc",2021,20000.0
Baron Huber,2019,20000.0
Barry Goldwater Institute For Public Policy Research,2024,90000.0
Barry Road Partners Llc,2024,137500.0
"Bass Pro, Llc",2015,20000.0
Baxalta,2016,10000.0
Baxalta Us Inc.,2015,10000.0
Bayer Corporation,2013,737500.0
"Bc Property Ii, Lc",2022,180000.0
Bd,2018,32500.0
"Bdo Government Services, Llc",2025,80000.0
Bdp Large Cities Housing Capital Management,2025,102500.0
Bdt Beverage,2015,42500.0
Beacon Center Of Tennessee,2011,1805000.0
"Beauty Basics, Inc",2013,55000.0
Beckman Coulter Inc.,2020,30000.0
Bell & Associates Construction,2017,615000.0
Ben Farmer,2023,42500.0
Beretta U.S.A. Corp.,2014,347500.0
"Bernhard Energy, Llc",2018,152500.0
Best Buy,2016,305000.0
Best Friends Animal Society,2017,40000.0
Bethany Christian Services,2023,32500.0
"Betmgm, Llc",2021,22500.0
Beverage Association Of Tennessee,2017,3282500.0
Bic Corporation,2025,65000.0
Bicycle Health,2025,42500.0
Biltmore Property Group,2018,45000.0
"Binti, Inc.",2022,110000.0
Biodelivery Sciences International,2015,30000.0
Biogen,2016,200000.0
Biotechnology Innovation Organization (Bio),2016,225000.0
"Bird Rides, Inc.",2019,537500.0
Bitcoin Depot,2025,10000.0
"Black Alliance For Educational Options Action Fund, Inc.",2015,52500.0
Black Coffee Justice,2022,50000.0
Black Investor Club Llc,2025,20000.0
Black Swan Digital Forensics,2017,20000.0
Blackberry,2023,80000.0
Blackbird Capital Ii Llc,2020,515000.0
"Blackhawk Network, Inc.",2023,20000.0
"Blackrock Funds Services Group, Llc",2024,320000.0
Blackstone Administrative Services Partnership L.P.,2024,282500.0
Blakeford Senior Life,2025,52500.0
"Block, Inc",2023,20000.0
"Blount Memorial Hospital, Incorporated",2022,75000.0
Blount Partnership,2017,472500.0
"Blue Line Solutions, Llc",2021,202500.0
Blue Owl Credit Advisors Llc,2024,32500.0
Blueoval Sk,2024,282500.0
Blues City Brewery,2011,10000.0
Blueserv,2024,30000.0
Blyncsy,2017,97500.0
"Bohan Agency, Inc.",2017,50000.0
Boldage Pace,2024,90000.0
Booknook,2023,32500.0
Botanical Education Alliance,2018,112500.0
Bowls Holdings Nashville Llc,2020,20000.0
"Boyd Sports, Llc",2025,90000.0
Braden Health Llc,2025,85000.0
"Bradford Health Partners, Llc",2023,22500.0
"Bradley Medical Center, Llc",2025,22500.0
Braeburn Pharmaceuticals,2018,210000.0
Brain Injury Assocation Of America,2025,10000.0
Brennan Center For Justice At Nyu School Of Law,2017,30000.0
Brevan Howard Us Llc,2016,60000.0
"Brewery Master Tenant, Llc",2017,32500.0
Bridges,2022,60000.0
"Brightbytes, Inc.",2016,42500.0
Brightspeed,2023,72500.0
Brightstar Franchising,2014,250000.0
Brightstar Global Solutions Corporation,2025,130000.0
"Brimstone Recreation, Llc",2017,32500.0
Brinc Drones Inc.,2023,52500.0
"Brinker International, Inc.",2011,162500.0
"Bristol Motor Speedway, Llc",2014,1137500.0
Broad River Landing Llc,2024,52500.0
Broadway Entertainment Association,2022,355000.0
Brthd Of Maintenance Of Way Employes Div.-Ibt,2012,40000.0
"Brushy Mountain Group, Llc",2014,22500.0
"Buddi Us, Llc",2024,132500.0
"Buddybet Tennessee, Llc",2022,65000.0
Build Asset Management,2025,32500.0
Build Tn Housing,2024,320000.0
"Built Technologies, Inc.",2023,55000.0
Burnham Rng,2025,42500.0
Burr & Forman Llp,2020,252500.0
Bush Brothers And Company,2024,95000.0
Businesses For Tennessee Prosperity,2013,202500.0
Buspatrol America Llc,2023,195000.0
Byhalia Pipeline Llc,2019,120000.0
C-Pace Alliance,2021,87500.0
C2 Strategic Communications,2025,45000.0
"Ca, Inc.",2012,317500.0
Cable South Media 3,2019,20000.0
"Caesars Enterprise Services, Llc",2019,52500.0
"Camelot Care Centers, Inc.",2011,52500.0
Campaign For Democracy Group,2024,240000.0
Campaign For Great Public Schools,2021,742500.0
"Campaign For School Equity Advocacy, Inc.",2017,10000.0
Campaign For The Fair Sentencing Of Youth,2016,70000.0
"Campbell Transportation Co., Inc.",2014,10000.0
Carahsoft Technology Corp,2022,182500.0
"Cardiac Solutions, Llc",2024,127500.0
"Cardpool, Inc.",2017,65000.0
"Cardtronics Usa, Inc.",2013,75000.0
Careington International Coroporation,2014,125000.0
"Carfax, Inc.",2014,315000.0
"Carmax Auto Superstores, Inc.",2016,77500.0
Carrier Corporation,2021,275000.0
Carson-Newman University,2013,22500.0
Carvana,2021,362500.0
Cast Iron Soil Pipe Institute,2024,105000.0
Catalis Holdco,2023,192500.0
Catalyst Strategic Government Affairs,2025,42500.0
Catapult Learning,2021,202500.0
"Catholic Memphis Urban Schools, Inc.",2016,75000.0
Cavnue Llc,2024,335000.0
Ccc Distribution,2024,10000.0
Cdm Smith,2019,90000.0
Cedar Creek Yacht Club,2022,52500.0
"Cedar Recovery Of Middle Tennessee, Llc",2023,55000.0
Celgene Corporation,2015,187500.0
Cemetery Association Of Tennessee,2022,195000.0
Cempa Community Care,2019,535000.0
Centene - Wellcare,2013,1870000.0
"Center For Employment Opportunities, Inc.",2018,225000.0
Center For Individual Freedom,2022,2147500.0
Center For Science In The Public Interest,2025,20000.0
Center For Worker Progress Action,2021,265000.0
"Center Hill Marina And Yacht Club, Llc",2022,20000.0
Centerstone Military Services,2016,245000.0
Central Auction House (Dba Central Bidding),2019,45000.0
Centrus Energy Corp.,2025,85000.0
Centurion,2012,1095000.0
Cerner Corporation,2015,315000.0
Cev Multimedia Ltd,2024,245000.0
"Cfkaa Holdings, Llc",2024,65000.0
Cg Of Tennessee Llc,2019,532500.0
"Cgi Technologies & Solutions, Inc.",2021,820000.0
"Chalkable, Inc.",2016,215000.0
Chargepoint,2022,40000.0
"Charles Blalock And Sons, Inc.",2023,362500.0
Charles Schwab & Co.,2022,20000.0
"Charter Communications Operating, Llc",2023,395000.0
Charter Schools Usa,2013,122500.0
"Chatt Flea-Farmer, Llc",2011,10000.0
"Chattanooga Endeavors, Inc",2019,32500.0
Chattanooga Metropolitan Airport Authority,2012,107500.0
"Chattanooga Professional Baseball, Llc",2021,425000.0
Checker Cab Company,2015,20000.0
Cheekwood Botanical Garden And Museum Of Art,2022,212500.0
Cherokee Resort,2019,42500.0
"Chevron U.S.A., Inc.",2018,212500.0
Chi Memorial Health Care System,2024,107500.0
Children'S Advocacy Centers Of Tennessee,2020,357500.0
Children'S Health Defense,2024,32500.0
Children'S Healthcare Is A Legal Duty,2016,32500.0
Chime Financial Inc.,2021,32500.0
Choctaw Resort Development Enterprise,2021,647500.0
Chord Specialty Dental Partners,2024,170000.0
Christian Family Medicine,2014,130000.0
"Christian Healthcare Ministries, Inc.",2023,107500.0
Church Street Health Managment,2011,30000.0
Cicero Action,2021,537500.0
Cicero Group,2018,92500.0
Cigna - Express Scripts,2020,2307500.0
Cincinnati Bell Extended Territories Llc(Altafiber Connected Services),2024,55000.0
"Ciox Health, Llc",2021,85000.0
"Ciox Health, Llc C/O Multistate Associates Llc",2023,22500.0
Cirrus Aircraft,2024,150000.0
"Cisco Systems, Inc.",2011,527500.0
Citizenlink,2011,20000.0
Citizens For Renewing America Inc,2022,312500.0
Citizens For Responsible Pet Ownership,2016,260000.0
City Leadership,2025,32500.0
City Of Franklin,2014,32500.0
"Civic Engineering & Information Technologies, Inc",2019,45000.0
"Civil Constructors, Llc",2015,552500.0
Civilis Strategies,2018,960000.0
Cke Restaurants,2013,102500.0
"Classic Optical Laboratories, Inc.",2017,22500.0
Classified Political Consultants Llc,2023,60000.0
Clean Energy,2015,20000.0
Clean Water Professionals Of Ky & Tn,2019,50000.0
Cleanspark,2025,122500.0
Clear,2025,42500.0
Clearview Ai,2022,32500.0
"Cleary Construction, Inc.",2022,270000.0
"Client Network Services, Llc",2022,97500.0
"Climbing Wall Association, Inc.",2011,20000.0
Clinical Solutions Pharmacy,2022,447500.0
"Cloud, Inc.",2022,20000.0
Cmh Services Inc.,2020,290000.0
Coal Creek Llc,2017,52500.0
"Coalition For Kids, Inc.",2024,170000.0
Coalition For Sustainable Roofing,2024,62500.0
"Coalition For Tennessee Redevelopment, Llc",2016,132500.0
Coalition Of Ignition Interlock Manufacturers,2015,247500.0
Coalition Of Large School Systems,2011,2152500.0
Cobblestone Development And Consulting Llc,2024,20000.0
Code.Org,2016,212500.0
Codecrew,2024,205000.0
Codell Construction Company,2011,55000.0
Cognia,2022,572500.0
Cognosante Consulting,2016,255000.0
College Board,2025,10000.0
Collier Engineering Co Inc,2024,87500.0
Columbia Pipeline Group,2015,452500.0
"Comcast Cable Communications Management, Llc",2023,180000.0
Comdata,2015,85000.0
Comenity Llc,2021,137500.0
Commerce Bank,2018,362500.0
"Commerce Title And Escrow, Llc",2025,45000.0
"Commercial Industrial Real Estate Associates, Inc.",2013,10000.0
Commercial Vehicle Training Association,2023,30000.0
"Communicare Technology, Inc Dba Pulsara",2025,42500.0
Communications International Inc.,2012,87500.0
Communications Workers Of America,2017,225000.0
Communities In Schools Of Tennessee,2014,645000.0
"Community Bank Services, Inc",2024,87500.0
Community Foundation Of Greater Chattanooga,2023,62500.0
Community Rehabilitation Agencies Of Tennessee,2015,212500.0
Community Resources For Justice,2017,20000.0
"Community Resources For Justice, Inc.",2020,40000.0
"Community Veterinary Clinics, Llc",2015,62500.0
Computer & Communications Industry Association (Ccia),2024,20000.0
Concerned Citizens,2020,85000.0
Concord Finance Inc.,2015,10000.0
Concordance,2021,372500.0
Concur Technologies,2024,32500.0
Conduent Incorporated And Its Affiliates,2025,42500.0
"Conduent, Inc. And Its Affiliates",2016,282500.0
Conexion Americas,2011,425000.0
Conexión Américas,2025,20000.0
Connected Nation Development Corporation,2014,20000.0
"Connecting The Heartland, Inc.",2022,85000.0
Connections Education Llc,2013,237500.0
"Constellation Brands, Inc.",2023,175000.0
"Constellation Newenergy, Inc.",2021,112500.0
"Constellation Properties, Llc",2025,22500.0
Consulate General Of The Kingdom Of The Netherlands,2025,35000.0
Consumer Brands Association,2025,20000.0
"Consumer Direct Holdings, Inc",2023,85000.0
Consumer Health Alliance,2020,77500.0
"Consumer Reports, Inc.",2018,50000.0
Consumers' Defense,2025,22500.0
Convention Of States Action,2015,115000.0
"Converge, Inc",2024,30000.0
Coopersurgical,2025,42500.0
Copart,2015,475000.0
Copper Cellar Corp,2011,42500.0
Core Media Group Inc.,2012,32500.0
Core2000 Llc D/B/A Orangetheory Fitness,2021,32500.0
"Corebridge Financial, Inc.",2024,102500.0
Corizon Health,2013,1427500.0
Council For A Strong America,2018,20000.0
Council For Compassionate Medicine,2017,102500.0
"Council On Public University Reform, Inc.",2022,20000.0
Country Music Hall Of Fame And Museum,2013,140000.0
Courage Beyond At Centerstone,2013,67500.0
"Craftworks Restaurants & Breweries Group, Inc.",2011,10000.0
Cratz Inspection Services Inc. D/B/A Sealmaster,2014,552500.0
"Crawford, Murphy & Tilly, Inc.",2018,360000.0
Crc Health Tennessee,2011,225000.0
Creative Discovery Museum,2020,60000.0
Crisis Prevention Institute,2015,142500.0
Crispr Therapeutics,2020,75000.0
Crispr Tx,2019,45000.0
"Critical Nurse Staffing, Llc",2018,447500.0
Critical Response Group,2023,172500.0
"Crossfit, Inc.",2019,250000.0
Crossroads Treatment Centers,2025,10000.0
"Crosstown Building Owner, Llc",2015,52500.0
Crown Castle,2024,52500.0
Crown Castle Ng Central Llc,2018,52500.0
"Crown Cork & Seal Company, Inc.",2012,75000.0
Cruise Llc,2023,72500.0
Csl Behring,2019,272500.0
Cswr,2025,10000.0
Ctia - The Wireless Association,2017,112500.0
Cultivate Tennessee,2022,122500.0
Cumberland Area Development Corp.,2021,155000.0
"Cumberland Cliffs, Llc",2019,322500.0
Cumberland Hospitality Group,2022,32500.0
Cumberland Pharmaceuticals,2020,20000.0
Cumberland University,2020,32500.0
Cumberlandmountainpreservationcoalition,2016,62500.0
Cummins Inc,2021,90000.0
"Curriculum Advantage, Inc.",2014,32500.0
"Curriculum Associates, Llc",2015,552500.0
D&S Residential Services Lp,2011,685000.0
"D/B/A Jewish Federations Of Chattanooga, Knoxville, Memphis, Nashville",2021,190000.0
Dan McEwen,2023,280000.0
Danaher Diagnostics,2025,20000.0
Dancing Bear Operations Company Llc,2014,62500.0
"Daon, Inc.",2011,32500.0
"Darden, Inc.",2014,45000.0
Data Recognition Corporation,2016,40000.0
Datavant C/O Multistate Associates Llc,2023,55000.0
"Dave & Buster'S, Inc.",2015,32500.0
Davidson County Emergency Communications District,2020,277500.0
"Dci Group Az, L.L.C. On Behalf Of Altria Client Services Llc",2018,32500.0
"Delaware North Companies Gaming & Entertainment, Inc.",2015,465000.0
Delek Us Holdings,2013,105000.0
Deliver The American Dream,2025,32500.0
Dell Technologies Inc. C/O 50 To 1 Llc,2023,170000.0
Dell Technologies Inc. C/O Vantage Compliance,2025,42500.0
Deloitte Consulting Llp,2012,940000.0
Delta T Corporation Dba Big Ass Solutions,2016,390000.0
"Dement Construction Company, Llc",2017,407500.0
Dennis Huffer-Former State Employee,2016,30000.0
"Denso International America, Inc.",2022,167500.0
Dentaquest Of Tennessee Llc,2013,1025000.0
Devry University,2021,42500.0
Dew Investments,2020,20000.0
"Dexcom, Inc.",2018,402500.0
Dga Residential Llc,2023,180000.0
Diageo North America,2013,1085000.0
Diatech Oncology,2013,32500.0
"Digital Sandbox, Llc Dba Haystax",2023,62500.0
Diramed,2014,20000.0
Disability Law & Advocacy Center,2012,40000.0
Disability Rights Tennessee,2014,210000.0
Discovery,2017,182500.0
"Discovery Communications, Llc And Affiliates",2022,67500.0
"Discovery Place, Inc.",2020,32500.0
"Discovery, Inc.",2018,20000.0
Disposerx,2020,52500.0
"Diverse Concepts, Llc",2023,20000.0
Dixon Shane Llc,2017,52500.0
Do No Harm,2022,75000.0
Do No Harm Action,2023,262500.0
"Docusign, Inc.",2016,52500.0
Doe Mountain Recreation Authority,2022,95000.0
Dollar General,2013,60000.0
"Doordash, Inc.",2023,62500.0
Doug H. Ibbetson,2025,10000.0
Doug Towne Inc Dba Disability Relations Group,2018,10000.0
"Douglas J Institute, Inc",2023,50000.0
Draftkings Inc. And Its Affiliates,2025,20000.0
"Draftkings, Inc.",2015,567500.0
Dragon City,2024,85000.0
Dragonfly Medical And Behavioral Health,2021,20000.0
Dreamfest Llc,2017,10000.0
Drivers History Inc.,2014,10000.0
"Drizly, Inc.",2018,65000.0
Ductile Iron Pipe Research Association,2014,347500.0
Dui Education Centers,2016,137500.0
Dvl Seigenthaler,2015,10000.0
"Dx Management, Llc",2021,20000.0
"Dx Operations, Llc",2025,32500.0
Dxc Technology Company,2017,287500.0
E3 Costruction Services Llc,2023,122500.0
"Eagle Engineering, Llc",2013,65000.0
"Ean Holdings, Llc And Its Affiliates Dba Enterprise Mobility",2024,170000.0
East Tennessee Children'S Hospital,2018,197500.0
"Easy Auto Credit, Inc.",2021,345000.0
Ebay,2015,1342500.0
"Ebci Holdings, Llc",2023,207500.0
"Ebsco Industries, Inc.",2021,155000.0
Ebth.Com Llc,2018,20000.0
Ecl Entertainment Llc,2021,292500.0
Ecolane,2020,280000.0
"Ecp-Pf Holdings Group, Inc.",2020,62500.0
Edchoice,2024,85000.0
Edgenuity,2013,702500.0
"Edison Electric, Llc",2022,237500.0
Edmc,2011,180000.0
Edmentum,2020,217500.0
Educational Testing Service,2017,550000.0
Educopia,2017,75000.0
Edward D. Jones & Co.,2025,10000.0
Eecs Llc,2013,30000.0
"Ehawk, Inc.",2017,82500.0
Ehc Medical Office,2015,280000.0
Eight Eleven Group Llc,2025,42500.0
Eisai Inc.,2011,40000.0
Eiwpf,2022,245000.0
"Elan Skin, Llc",2015,90000.0
Electric Reliability Coordinating Council,2011,10000.0
Electrify America,2022,20000.0
Electrify America Llc,2023,52500.0
Electrolux North America,2013,140000.0
Electronic Knowledge Interchange Company_Dba Eki Digital,2023,32500.0
Electronic Transactions Association,2024,62500.0
Ellucian,2021,357500.0
Elmington Capital,2022,55000.0
"Elvis Presley Enterprises, Inc.",2014,685000.0
"Emc - State Partners, Llc",2013,65000.0
Emdeon,2012,112500.0
"Emed Labs, Llc",2022,127500.0
"Emed, Llc",2025,10000.0
Emerald Youth Foundation,2025,22500.0
Emergency Care Research Institute(Ecri),2023,32500.0
Emergent Biosolutions,2019,332500.0
"Emmaus Billing And Consulting, Llc",2014,107500.0
Employers Holding Inc,2015,175000.0
"Empower Electric, Llc",2023,32500.0
Empower Schools,2022,87500.0
Enbridge,2021,895000.0
Enclara Pharmacia C/O Multistate Associates Inc.,2019,20000.0
Encode Ai Corporation,2025,10000.0
"End Chronic Disease, Inc.",2025,32500.0
Endo Pharmaceuticals,2011,107500.0
Energy Security Aag,2016,45000.0
"Energy Systems Group, Llc",2021,342500.0
"Engie Holdings, Inc.",2020,140000.0
England Bros. Woodlake Golf & Country Club Llc,2011,20000.0
Enhanced Capital Group,2015,232500.0
Enova Online Services,2015,1032500.0
"Enovate Medical, Llc",2020,40000.0
"Enstructure, Llc",2025,22500.0
Entegrity Energy Partners,2021,137500.0
"Entergy Arkansas, Inc.",2017,42500.0
Enterprise Asset Intelligence Coalition Llc,2020,20000.0
"Environmental Litigation Group, P.C.",2018,40000.0
Envision Healthcare,2023,20000.0
"Epic Pharmacies, Inc. C/O Multistate Associates Inc.",2012,445000.0
Epilepsy Foundation Of East Tennessee,2015,20000.0
Epilepsy Foundation Of Middle And West Tn,2015,90000.0
Epsilen Llc,2011,102500.0
Equifax,2020,935000.0
"Eric A. Gang & Associates, P.A.",2024,137500.0
Ernst & Young Llp,2017,765000.0
Esper Regulatory Technologies Inc.,2025,22500.0
"Eubank Asphalt Paving & Sealing, Llc",2025,42500.0
Evans Petree Pc,2020,195000.0
Evergreen Packaging Inc.,2011,600000.0
Everytown For Gun Safety Action Fund,2015,1267500.0
Evicore Healthcare,2015,152500.0
"Evolveware, Inc.",2023,20000.0
Exact Sciences,2024,20000.0
Excel In Ed,2013,352500.0
Exeter,2015,85000.0
Exile Co,2014,10000.0
Exit One Llc,2015,32500.0
Expedia Group,2019,260000.0
"Expedia Group, Inc.",2025,10000.0
Experian,2014,22500.0
"Extract Wellness, Llc",2018,22500.0
Facebook Inc.,2018,335000.0
Fact,2025,42500.0
Fair Elections Center,2023,60000.0
Families Against Mandatory Minimums,2018,200000.0
"Family First, Inc.",2022,145000.0
Family Reunion,2018,130000.0
Fanduel,2020,497500.0
"Fanduel Group, Inc.",2025,20000.0
"Faneuil, Inc.",2011,85000.0
"Fantasy Sports Alliance, Inc",2024,32500.0
Farm Action Fund,2024,20000.0
Farm Credit Mid-America,2013,1402500.0
"Farmview Homes, Llc",2018,32500.0
Feazel Roofing Company Llc,2023,10000.0
Fertility Providers Alliance,2025,52500.0
"Fff Enterprises, Inc.",2023,172500.0
Fga Action,2016,77500.0
Fidelity Brokerage Services Llc,2011,130000.0
"Fidelity Capital Markets, A Division Of Nfs Llc",2011,40000.0
"Fidelity Investments Institutional Services Company, Inc.",2011,160000.0
Fifty Bar,2025,80000.0
"Fifty Plus Racing Foundation, Inc",2020,182500.0
"Filp, Llc",2022,87500.0
Financial Federal Bank,2024,22500.0
"Financial Services Institute, Inc.",2019,147500.0
Fireeye,2015,150000.0
First Call Technologies Llc Dba Community Carelink,2025,10000.0
"First Cash, Inc.",2017,10000.0
"First Cumberland Properties, Inc",2011,42500.0
First Farmers And Merchants Bank Of Columbia Tn,2017,20000.0
First Horizon Corporation,2021,475000.0
"First Student, Inc.",2025,65000.0
Fiscalnote,2022,62500.0
Fit Diesel Llc,2019,60000.0
"Fitness International, Llc",2020,90000.0
"Five Points Benefits Solution, Llc",2016,122500.0
Fivestone Partners,2017,80000.0
"Flatrock Entertainment Group, Llc",2022,277500.0
Flexible Finance Association,2015,402500.0
Flix North America,2024,245000.0
Flock Safety,2022,235000.0
Fmr Llc,2022,70000.0
Focus Holdings Llc,2023,30000.0
Food Concepts,2012,60000.0
Food Hall Company,2020,142500.0
"For All, Inc",2021,50000.0
Ford Motor Company,2021,535000.0
"Forensic Medical Management Services, Plc",2015,445000.0
"Forerunner Industries, Inc.",2024,72500.0
"Foris, Inc. And Its Affiliated Entities D/B/A Crypto.Com",2023,22500.0
"Fortinet, Inc.",2022,277500.0
Forward Sumner Economic Partnership,2012,630000.0
Foundation Consumer Healthcare,2022,40000.0
"Foundation For Government Accountability, Inc.",2015,32500.0
Foundation For Individual Rights And Expression,2022,10000.0
Foundation For Individual Rights In Education,2017,30000.0
Fox Management Rehabilitation Services Llc,2024,52500.0
Foxpe,2024,30000.0
"Fpmcm, Llc",2025,52500.0
Francis Energy,2020,117500.0
Frank C. May,2012,10000.0
Franklin Social Llc,2025,117500.0
"Franwell, Inc.",2015,45000.0
Free Tennessee Inc,2022,250000.0
Freedom Monitoring Solutions,2016,55000.0
"Freeman Recovery Center, Llc",2024,520000.0
Fresenius Medical Care North America,2019,422500.0
Friends Life Community,2024,40000.0
Friends Of Baby Doe,2018,307500.0
"Friends Of Levitt Pavilion Memphis, Inc.",2019,222500.0
Frontier Communications Corporation,2020,102500.0
Full Throttle Sloonshine Llc,2014,50000.0
"Fusion Capital Management, Llc",2023,385000.0
"Gaddcom, Inc.",2020,20000.0
"Gaggle.Net, Inc.",2019,85000.0
Gainwell,2021,442500.0
Gainwell Technologies Llc,2020,85000.0
Game Day Healthy Kids Foundation,2012,20000.0
"Gatlinburg Barrelhouse, Llc",2013,32500.0
"Genentech Inc., A Member Of The Roche Group",2016,170000.0
General Cigar Company,2020,270000.0
"General Dynamics Information Technology C/O Multistate Associates, Inc.",2017,20000.0
Geo-Comm,2023,75000.0
"Geodis Logistics, Llc",2021,20000.0
Geographic Solutions,2011,1257500.0
Ggnsc Administrative Services Llc Dba Golden Living,2015,105000.0
Ghertner & Company,2020,390000.0
"Giarratana, Llc",2023,325000.0
"Gilead Sciences, Inc.",2012,1055000.0
Girl Scouts Of Middle Tennessee,2018,75000.0
Global Business Alliance,2022,20000.0
Global Kratom Coalition Inc.,2025,52500.0
Global Medical Response,2020,510000.0
Global Tel Link Corporation,2013,1247500.0
Glorianna Inc,2024,40000.0
Goldfinch Health,2024,107500.0
"Gonoodle, Inc.",2017,142500.0
Goodwill,2016,1267500.0
"Goodwyn Mills Cawood, Llc",2022,222500.0
Google,2014,1355000.0
Gopuff,2021,202500.0
"Grace Healthcare, Llc",2014,165000.0
"Graduation Alliance, Inc",2019,520000.0
Graftech International,2011,60000.0
Graham Corporation,2014,55000.0
Grand Avenue,2015,10000.0
"Grand Ole Opry, Llc",2020,20000.0
"Granville Enterprises, Llc",2018,52500.0
"Graystone Quarry Music, Llc",2020,52500.0
Greater Memphis Chamber,2015,640000.0
Greater Nashville Hospitality Association,2022,370000.0
Greater Nashville Regional Council,2016,820000.0
Green Dot Public Schools National,2021,212500.0
Green Group Holdings,2024,105000.0
Green River Capital D/B/A Elan Skin,2019,30000.0
"Greengo Energy Us, Inc.",2023,40000.0
Greenwich Biosciences,2016,257500.0
Greenworks Lending Llc,2021,30000.0
Greg McCampbell,2014,20000.0
Gresham Smith,2025,160000.0
"Greyhound Lines, Inc.",2021,85000.0
Groundswell Network Inc.,2025,45000.0
Groups Recover Together,2024,262500.0
Gtech Corporation,2011,420000.0
"Guardian Fleet Services, Inc.",2025,32500.0
"Guerrier Development, Llc",2021,65000.0
Guidehouse Inc.,2023,235000.0
"Guidesoft, Inc.",2016,180000.0
Gullane Capital Llc,2025,20000.0
Gun Owners Of America Inc,2022,65000.0
"Gursheel S. Dhillon, M.D.",2011,20000.0
Gv Spring Hill Llc,2023,117500.0
Gwyn Earl,2020,40000.0
"H.G. Hill Realty Company, Llc",2012,292500.0
Hageman Capital Llc,2025,10000.0
Hager Environmental & Atmospheric Technologies (H.E.A.T.),2019,32500.0
Half Summit Ventures Llc,2023,20000.0
"Hall Emery Real Estate, Llc",2020,97500.0
"Handy Technologies, Inc.",2017,87500.0
"Harbor Retirement Management, Llc",2020,32500.0
Hardwick Clothes Inc,2015,52500.0
Havenlock Inc.,2019,55000.0
Hazel Health,2024,120000.0
Hca Healthcare,2019,5020000.0
Health Care Compact,2012,85000.0
"Health Cooperative Strategies, Llc",2017,40000.0
Health Management Associates,2011,347500.0
"Health Services Management Group, Llc",2012,62500.0
Healthcare Distribution Alliance,2022,52500.0
Healthcare Distribution Management Association,2011,90000.0
Healthcare Sterile Processing Association,2022,45000.0
"Healthy Children Project, Inc.",2016,77500.0
Healthy Tennessee Economy,2013,657500.0
Hearing Society Of Tennessee,2021,125000.0
Heart N Soul Hospice,2025,22500.0
Hearthside Assisted Living,2013,40000.0
Heartland Impact,2024,40000.0
Heartland Nato,2021,32500.0
Heartland Solutions Group,2017,130000.0
Heath Tech Solutions,2012,32500.0
Helena Agri-Enterprises,2018,757500.0
Helmet Free Tennessee Llc,2013,142500.0
"Hemlock Semiconductor, L.L.C.",2011,425000.0
"Her Song, A Ministry Of The Tim Tebow Foundation",2023,60000.0
Heritage Action For America,2022,80000.0
"Heritage Center, Llc",2017,52500.0
Herschend Family Entertainment Corporation,2022,230000.0
Hfr,2013,850000.0
"High Tech Special Effects, Inc.",2011,132500.0
"Higher Education Partners, Llc",2013,117500.0
Higher Education Reform Coalition Inc,2022,220000.0
"Highlands Physicians, Inc.",2015,20000.0
Highstreet It,2023,67500.0
"Highways,Inc.",2011,645000.0
Hikma Specialty Usa Inc.,2021,50000.0
Hill&Knowlton Strategies Llc O/B/O Idemia Identity & Security Usa Llc,2020,130000.0
"Hillcrest Healthcare Communities, Inc.",2024,40000.0
Hillsborough Resources Limited,2013,32500.0
Hillside Winery,2024,95000.0
"Hillwood Investment Properties Services, L.P.",2019,42500.0
"Hims, Inc.",2020,137500.0
Hinkle Holding Llc,2020,150000.0
Hmh Education Company,2024,127500.0
Hms,2011,612500.0
Holistic Alternative Recovery Trust,2024,32500.0
"Holladay Property Services Midwest, Inc.",2023,85000.0
Hollingsworth General Partnership,2023,212500.0
Home Builders Association Of Central Tn,2024,110000.0
Home School Legal Defense Association,2016,100000.0
"Homeaway, Inc.",2016,65000.0
Homicide Zero,2025,65000.0
"Homtex, Inc.",2021,20000.0
"Honda North America, Inc.",2017,20000.0
"Honeywell International, Inc.",2016,190000.0
Honky Tonk Party Express,2020,172500.0
Hopebridge,2022,70000.0
"Hopscotch Healthcare, Inc",2025,22500.0
Horne Llp,2020,480000.0
Hospice Of Chattanooga,2019,135000.0
Hospital Authority Of Metro Government Of Nashville & Davidson County,2011,1285000.0
"Hotel Memphis Opco, L.P.",2019,65000.0
Housing Opportunity Coalition,2025,42500.0
Hp Inc.,2025,42500.0
Hpc,2018,65000.0
Hr Comp Employee Leasing,2011,225000.0
"Htc Global Services, Inc",2022,372500.0
Hudson Construction,2014,32500.0
"Hughes Network Systems, Llc",2017,20000.0
Hughes Technology Llc,2021,85000.0
Human Coalition,2019,140000.0
Human Rights Campaign,2016,332500.0
Humane Society Legislative Fund,2012,22500.0
Humane World For Animals,2025,90000.0
Hutton,2014,42500.0
"Hydroblasters Se, Llc",2024,127500.0
I Drive Safely Llc,2011,100000.0
"I-Con Systems, Inc.",2011,52500.0
"I3 Verticals, Llc",2022,227500.0
Ibew Local 429,2013,130000.0
Icf - Tennessee Chapter,2020,60000.0
Icon Entertainment Llc,2018,90000.0
Idemia North America,2022,177500.0
"Igolfvirtual, Llc",2021,85000.0
Igt And Its Affiliates,2016,1022500.0
"Iheartmedia, Inc. Clear Channel Outdoor, And Affiliated Entities",2016,10000.0
Imagine Learning Llc,2022,377500.0
Immi,2017,125000.0
Impact Care Inc.,2025,52500.0
"Impossible Foods, Inc.",2019,105000.0
Independent Payroll Providers Association (Ippa),2024,45000.0
Independent Women'S Voice,2022,95000.0
Indivior Inc,2019,580000.0
Industrial Land Developers Llc,2016,80000.0
Industry Council For Tangible Assets,2016,40000.0
Infectious Disease Prevention Network (Idpn),2023,180000.0
"Infostructure, Inc.",2017,167500.0
Ingersoll Rand,2014,20000.0
Ingram Barge Company Llc,2022,127500.0
"Injured Workers Pharmacy, Llc",2012,62500.0
Innocence Project,2018,200000.0
"Inperium, Inc.",2022,95000.0
Insidetrack,2017,10000.0
Insight Health Corporation,2016,197500.0
"Instate Partners, Llc",2015,22500.0
Institute For Justice,2017,195000.0
"Instructure, Inc.",2021,32500.0
Insurance Auto Auctions,2012,150000.0
"Insure-Rite, Inc.",2013,260000.0
Integrated Biometric Technology Llc,2022,22500.0
Interactive Travel Services Association,2012,22500.0
International Aestheic And Laser Association,2012,105000.0
International Association Of Central Service Materiel Management,2017,45000.0
International Justice Mission,2022,22500.0
International Sleep Products Association,2011,20000.0
Internet Association,2016,30000.0
"Intersocietal Accreditation Commission, Inc.",2025,10000.0
Intouch Pharmacy Llc,2018,55000.0
"Intuit, Inc.",2015,20000.0
Invenergy Llc,2022,60000.0
"Invictus Apps, Inc. D/B/A Prepared",2025,42500.0
"Invo Peo, Inc.",2023,212500.0
"Ionq, Inc.",2025,42500.0
Iota Community Schools,2025,80000.0
"Ipsen Biopharmaceuticals, Inc.",2020,120000.0
Ish Creek Ventures Llc,2021,45000.0
Isha Institute Of Inner Sciences,2024,87500.0
Itg Brands,2022,52500.0
Ivanti,2019,440000.0
"Ivy Wild, Llc",2015,32500.0
"J & M Grading Division, Llc",2020,75000.0
"J&S Construction Co., Inc.",2011,30000.0
J2 Software Solutions,2011,107500.0
Jackson Baseball Club Llc,2021,52500.0
Jackson Chamber Of Commerce,2021,77500.0
James K. Polk Memorial Association,2017,112500.0
Jason Dellavecchia Md Pllc,2023,87500.0
"Jazz Pharmaceuticals, Inc.",2022,100000.0
Jcbg,2024,45000.0
Jefferson County Chamber Of Commerce,2015,115000.0
Jesse James Spirits,2014,50000.0
Jobs For Tennessee Graduates Inc.,2016,465000.0
Joe C Davis Foundation,2021,207500.0
John C Davenport,2025,22500.0
John L. Nau Iii,2020,362500.0
John Moore,2016,20000.0
"Johnson & Johnson Services, Inc.",2022,192500.0
Johnson And Johnson,2011,1020000.0
"Johnson Orthopaedic, Llc",2020,20000.0
Johnson'S Depot,2013,42500.0
Jon Knickerbocker,2017,22500.0
"Jones Bros. Contractors, Llc",2017,757500.0
"Jones Bros., Inc.",2011,205000.0
Jones Lang Lasalle Americas Inc.,2013,605000.0
"Joseph Webb, Ceo",2021,10000.0
Jr Facility Management Llc,2012,30000.0
"Jrfmtn, Llc",2023,32500.0
"Jt International, Usa, Inc.",2024,110000.0
Judicial Crisis Network,2012,180000.0
Junior Achievement Of East Tennesse,2021,60000.0
Junior Achievement Of Memphis And The Mid-South,2022,30000.0
Junior Achievement Of Middle Tennessee,2023,132500.0
"Justbegreen, Llc",2018,20000.0
Justcity,2015,1095000.0
Justice Action Network,2019,527500.0
Juul,2019,700000.0
Kaipod Learning Inc.,2025,45000.0
Kairos Power Llc,2025,122500.0
Kaizen Labs,2025,32500.0
Kalkomey Enterprises Llc,2024,95000.0
Kaltex Fibers America,2018,40000.0
Karuna Therapeutics,2023,10000.0
"Kci Technologies, Inc",2020,87500.0
Kemper Corporation,2013,127500.0
"Kennerly, Montgomery & Finley, P. C.",2011,20000.0
Kepro,2016,220000.0
Kids Read Now,2021,10000.0
Kidwell & Company Inc.,2013,20000.0
Kinder Morgan,2013,637500.0
Kinship Health,2023,55000.0
Kira Learning,2024,127500.0
Kirby McInerny Llp,2019,65000.0
"Kleo, Inc. D/B/A Classwallet",2019,285000.0
Knox Associates Inc.,2023,95000.0
Knoxville Leadership Foundation,2021,100000.0
"Knoxville Locomotive Works, Inc.",2018,32500.0
Knoxville Premier Properties Llc D/B/A Keller Williams Realty,2014,22500.0
Knoxville Zoological Gardens Inc.,2023,292500.0
Knoxville'S Community Development Corporation,2025,22500.0
"Koch Companies Public Sector, Llc And Affiliates",2017,545000.0
"Koch Government Affairs, Llc And Affiliates",2023,212500.0
Kohler Co.,2020,160000.0
Kpmg Llp,2016,875000.0
Kroger Limited Partnership I,2016,52500.0
"Kuder, Inc.",2015,65000.0
Kut Kwick Corporation,2013,117500.0
"Kwr Acquity Strategies, Llc",2024,130000.0
Ky-Tn Water Environment Association,2015,90000.0
Kyndryl Inc.,2021,322500.0
L3Harris Technologies,2023,205000.0
Laboratory Corporation Of America Holdings,2025,32500.0
"Lady Liberty Fireworks, Llc",2018,62500.0
Lamar Advertising Company,2024,40000.0
Landowners Of Tn,2025,42500.0
Latino Memphis,2013,82500.0
Lawler Wood Housing Partners,2014,125000.0
Lce - Life Changing Experiences Ltd.,2018,62500.0
"Ldg Development, Llc",2023,202500.0
Leading Age Tennessee,2015,235000.0
Leadingage Tennessee,2022,70000.0
Learning Ally,2011,30000.0
Leconte Village Llc,2014,20000.0
"Legacy Caviar, Inc.",2011,55000.0
Legacy Of Legends Cdc,2020,60000.0
"Legalzoom.Com, Inc.",2015,85000.0
Lehman-Roberts Company,2012,687500.0
Lemoyne-Owen College,2025,22500.0
Leukemia & Lymphoma Society,2016,102500.0
Level 3 Communications,2014,95000.0
Lexia Learning,2020,55000.0
"Lexmark Enterprise Software, Llc",2016,20000.0
"Lexmark International, Inc.",2013,355000.0
Lg Electronics,2018,32500.0
"Lhp Capital, Llc",2015,290000.0
"Liberty Bail Bonds, Inc.",2016,70000.0
Liberty Dental Plan Corporation,2023,107500.0
"Liberty Tire Recycling, Llc",2014,330000.0
Life Care Centers Of America,2020,320000.0
Life Care Physician Services,2011,107500.0
"Life Check Systems, Llc",2022,97500.0
"Life Science Logistics, Llc",2020,402500.0
Life Science Tennessee,2013,517500.0
Lifecare Heritage Dba Lifecare Foundations,2023,30000.0
Lifepoint Health,2015,2435000.0
Lifetouch National School Studios Inc.,2015,20000.0
Lightem Up,2014,45000.0
"Lime Bike, Inc.",2019,10000.0
"Liminex, Inc Dba Goguardian",2022,130000.0
Lindsay Corporation C/O Multistate Associates Inc.,2018,45000.0
Lipscomb University,2012,405000.0
Livanova,2016,270000.0
Live Nation - Ticketmaster,2011,1217500.0
Livelikelou Foundation,2022,80000.0
Lkq Corp,2014,2405000.0
"Loblolly Ventures, Llc",2023,97500.0
Lockridge Grindal Nauen Pllp,2013,45000.0
Lojac Enterprises Inc.,2014,235000.0
Lorraine Civil Rights Foundation Dba National Civil Rights Museum,2022,142500.0
Lothlorien,2020,80000.0
Lp Building Solutions,2023,97500.0
Lpl Financial Llc,2021,60000.0
Luvbum,2024,45000.0
Lyft Inc.,2015,772500.0
"Lynx Strategies, Llc",2024,55000.0
"M&R Strategic Services, Inc.",2014,117500.0
MacKinac Center Action,2024,107500.0
MacKinac Center For Public Policy,2021,97500.0
MacQuarie Capital,2024,32500.0
Magellan Health Services,2013,560000.0
"Magna Services Of America, Inc.",2019,140000.0
Man Up Teacher Fellowship,2024,90000.0
Maplebear Inc. (D/B/A Instacart),2018,45000.0
Marijuana Policy Project,2017,10000.0
Marion-Bradley Fwks Retailers,2011,22500.0
Mark43 Inc,2021,285000.0
"Marriott Hotel Services, Inc.",2020,52500.0
Marsh Usa Llc,2023,87500.0
Marsy'S Law For All,2019,1327500.0
"Martin Daniel, State Representative",2019,42500.0
Martinique,2019,67500.0
Mary Trapnell,2025,22500.0
Maryville College,2024,107500.0
"Massage Envy Green Hills, Llc",2022,105000.0
Matter Health Of Tennessee,2023,50000.0
"Matter Health Technology, Inc",2022,85000.0
"Maxim Healthcare Services, Inc.",2014,275000.0
"Maymead, Inc.",2020,45000.0
Maynard Select Llc,2013,32500.0
"Mbsc Black Creek, Llc.",2020,460000.0
"Mc Global Holdings, Llc",2022,117500.0
McCrory Lane Partners Llc,2021,65000.0
"McGraw-Hill Global Education Holdings, Llc",2014,32500.0
McGuiness Group,2013,52500.0
McKee Foods Corporation,2014,160000.0
McKellar|Hyde,2013,72500.0
McKesson Corporation,2014,647500.0
"McKinstry Viridis, Llc",2025,22500.0
"McLemore Auction Company, Llc",2018,20000.0
"Mead Johnson Nutrition Company; Mead Johnson & Company, Llc",2011,100000.0
Measurement Incorporated,2015,60000.0
"Mecum Auction, Inc.",2018,337500.0
"Media, Entertainment & Technology Alliance, Inc.",2018,32500.0
Medicaid Done Right,2020,30000.0
"Medical Management International, Inc. Dba Banfield Pet Hospital",2016,20000.0
Medimmune,2011,762500.0
"Medmanagement, Inc.",2011,260000.0
Mednax Health Solutions Partner,2016,582500.0
Mellon Financial Corporation #1,2020,30000.0
Memorial Health Care System,2011,957500.0
Memphis & Shelby Co. Film And Television Commission Foundation Inc.,2023,20000.0
"Memphis 901 Fc, Llc",2022,62500.0
"Memphis Botanic Garden Foundation, Inc.",2022,87500.0
Memphis Brooks Museum Of Art Inc,2023,120000.0
Memphis Center For Reproductive Health,2015,255000.0
Memphis City Center Revenue Finance Corporation,2018,355000.0
Memphis Convention & Visitors Bureau,2024,130000.0
Memphis Grizzlies And Fedex Forum,2013,695000.0
"Memphis In May International Festival, Inc",2017,77500.0
Memphis Oral School For The Deaf,2011,80000.0
Memphis Pathology Laboratory Dba American Esoteric Laboratories,2012,387500.0
"Memphis Rock & Soul, Inc.",2023,177500.0
Memphis Shelby Crime Commission,2023,460000.0
Memphis Teacher Residency,2024,165000.0
Memphis Tomorrow,2020,95000.0
Memphis Zoological Society,2025,22500.0
Memphis-Shelby County Airport Authority,2022,277500.0
Men Of Valor,2023,215000.0
Men'S Health Network,2023,72500.0
Mental Health America Of Middle Tennessee,2013,240000.0
Mercy Lounge,2013,65000.0
Merit International Inc,2020,227500.0
"Merrill Lynch, Pierce, Fenner & Smith, Incorporated",2011,20000.0
"Merscorp Holdings, Inc. C/O Multistate Associates Inc.",2013,130000.0
"Meta Platforms, Inc.",2021,425000.0
"Metal Management Memphis, L.L.C.",2011,20000.0
Metrc Llc,2019,200000.0
Metro Livery,2013,10000.0
Metroplolitan Knoxville Airport Authority,2015,165000.0
Metropolis,2024,150000.0
Metropolitan Knoxville Airport Authority,2018,362500.0
Metropolitan Life Insurance Company,2015,395000.0
Metropolitan Nashville Airport Authority,2011,1157500.0
Mfa Joint Venture Llc,2025,45000.0
"Mgt Impact Solutions, Llc",2024,107500.0
Mhm Metals Corporation,2011,10000.0
"Michael Brady, Inc.",2011,280000.0
Microvote General Corporation,2018,375000.0
Mid-South Carpenters Regional Council,2011,397500.0
"Mid-South Feed & Seed, Llc",2016,110000.0
"Mid-State Construction Company, Inc.",2023,192500.0
"Mid-State Mobile Concrete, Inc.",2013,20000.0
"Middle Tennessee Detention Center, Llc",2015,257500.0
Middle Tennessee Electric,2022,602500.0
"Midsouth Golf Carts, Llc",2018,32500.0
Midtown Consulting Group,2014,42500.0
Midwest Holding,2021,60000.0
Mike Fussell,2011,45000.0
Millennium Laboratories,2011,182500.0
"Millennium Pharmaceuticals, Inc.",2011,65000.0
Mind Medicine (Mindmed) Inc.,2025,42500.0
Mlu Services Inc,2022,40000.0
Mmjtn,2019,42500.0
"Mobilitie, Llc",2016,175000.0
Modern Ag Alliance,2025,185000.0
"Molina Healthcare, Inc.",2019,332500.0
Molson Coors Beverage Company Usa Llc,2023,122500.0
Momentum Nonprofit Partners,2023,22500.0
"Monroe Development Partners, Llc",2017,152500.0
Montgomery County Economic Development Council,2024,127500.0
Moonshot Sports,2020,65000.0
"Moore Construction Co., Inc.",2022,252500.0
Morphotrust Usa,2012,67500.0
Morrison & Foerster Llp On Behalf Of The Money Services Round Table,2019,85000.0
"Motor Vehicle Protection Product Association, Inc.",2017,105000.0
Motorola,2011,1187500.0
Mtx Group Inc,2024,282500.0
Music City Center,2020,225000.0
Music City Prep Center,2021,90000.0
Music City Roofers,2023,110000.0
"Music City Surgery Center, Llc",2022,225000.0
Music For Seniors,2025,20000.0
Music Venue Alliance Nashville,2024,90000.0
"Mutualink, Inc.",2023,245000.0
Muzology,2021,32500.0
"Mwb Enterprises, Llc",2017,40000.0
Mycityrides,2023,52500.0
Mylan Inc.,2013,85000.0
"Mythics, Inc.",2017,32500.0
Napa,2024,107500.0
"Naphcare, Inc.",2021,107500.0
Nashville Business Coalition,2020,360000.0
Nashville Coin Gallery,2012,20000.0
Nashville Diaper Connection,2025,32500.0
Nashville Downtown Partnership,2025,52500.0
Nashville Kennel Club,2012,280000.0
Nashville Predators,2018,922500.0
"Nashville Soccer Holdings, Llc",2017,407500.0
Nashville Teacher Residency,2023,120000.0
Nashville Technology Council,2018,190000.0
Nashville Transportainment Association,2021,330000.0
"Nashville Zoo, Inc.",2013,672500.0
Nashvillehealth,2019,155000.0
Nat'L Assn Of Professional Employer Organziations,2012,52500.0
Nateland Productions Llc,2025,20000.0
National Association For Gun Rights,2019,72500.0
National Association Of Mutual Insurance Companies (Namic),2017,267500.0
National Association Of Security Companies,2022,32500.0
National Association Of Settlement Purchasers,2011,65000.0
National Association Of Veterinary Technicians In America,2017,55000.0
National Basketball Association,2019,227500.0
National Basketball Players Association,2013,97500.0
National Coalition For Public School Options,2020,117500.0
National College,2016,642500.0
National Council Of State Boards Of Nursing,2016,45000.0
National Football League,2018,102500.0
National Heritage Academies,2013,822500.0
National Hockey League Players Association,2013,110000.0
National Home Service Contract Association,2011,52500.0
National Infusion Center Association,2022,52500.0
National Insurance Crime Bureau,2022,125000.0
National Joint Powers Alliance,2012,10000.0
National Marine Manufacturers Association (Nmma),2025,20000.0
"National Mentor Holdings, Llc",2025,10000.0
National Mining Association,2014,67500.0
National Museum Of African American Music,2019,115000.0
"National Organization For Rare Disorders, Inc.",2023,50000.0
National Ornamental Metal Museum,2023,222500.0
National Panhellenic Conference,2018,20000.0
National Popular Vote Initiative,2016,87500.0
National Premium Finance Association,2013,107500.0
National Psoriasis Foundation,2020,50000.0
National Rental Home Council (Nrhc),2018,255000.0
National Research Center,2020,65000.0
"National Seating & Mobility, Inc.",2012,22500.0
"National Shooting Sports Foundation, Inc.",2015,92500.0
"National Strategies, Llc",2022,82500.0
"National Tobacco Company, L.P.",2011,477500.0
"National Transportation Research Center, Inc.",2013,137500.0
National Trust For Historic Preservation,2019,30000.0
National Utility Contractors Association Of Middle Tennessee,2022,65000.0
National Waste And Recycling Association,2023,287500.0
National Wildlife Federation Action Fund,2025,42500.0
Nationwide General Insurance Company,2012,612500.0
Nationwide Mutual Insurance Company,2025,10000.0
"Natural Resources Defense Council, Inc.",2011,20000.0
Navient,2014,405000.0
Ncc Holdings Llc,2024,20000.0
"Nds Sales, Llc",2022,52500.0
Neighborhood Health,2018,117500.0
"Neighborhood Preservation, Inc.",2016,500000.0
Neo Philanthropy,2021,230000.0
"Netapp, Inc.",2012,145000.0
Netchoice,2022,60000.0
"Neurocrine Biosciences, Inc.",2021,100000.0
Neurorestorative Tennessee,2012,52500.0
"Neutron Holdings, Inc. Dba Lime",2019,90000.0
"New Classrooms Innovation Partners, Inc",2025,10000.0
New Era Farms Llc,2016,332500.0
"New Hope Health, Llc",2020,85000.0
New Life Medicine,2023,145000.0
New Merdian Corporation,2018,120000.0
New Venture Fund,2017,172500.0
"Nextera Energy Resources, Llc",2022,277500.0
"Nike, Inc.",2012,52500.0
Niva,2024,65000.0
"Noble Education, Inc.",2019,1137500.0
Nola Education Llc,2022,180000.0
Nomi Health Inc,2021,212500.0
"North America Outdoors Inc, Dba America Outdoors Association",2015,107500.0
North American Caviar,2024,30000.0
North American Deer Farmers Association,2011,65000.0
North Fund,2020,20000.0
North-American Interfraternity Conference,2018,20000.0
Northgatearinso,2012,32500.0
Northrop Grumman Corporation,2014,45000.0
Not Alone,2013,22500.0
"Notarize, Inc.",2018,65000.0
Novo Nordisk,2014,727500.0
Novonix Anode Materials Llc,2022,72500.0
"Ns4Ed, Llc.",2021,165000.0
"Nside, Inc",2022,415000.0
"Ntt Data State Health Consulting, Llc (Fka Cognosante Consulting, Llc)",2019,60000.0
Nurse Family Partnership,2019,432500.0
Nurture The Next,2020,227500.0
Oakstone Land & Capital,2021,150000.0
Oasis Legal Finance,2011,332500.0
Obion County Chamber Of Commerce,2015,460000.0
Office Of The Commissioner Of Major League Baseball,2018,235000.0
Oklo Inc,2025,115000.0
"Old Dominick Distillery, Llc",2015,490000.0
"Ole Smoky Distillery, Llc",2013,65000.0
"Omaze, Inc.",2020,112500.0
"Omp Inc.,",2012,45000.0
"One Beale Hotel Company, Llc",2023,40000.0
"One Call Medical, Inc",2013,300000.0
One-To-One Health,2020,120000.0
Onmed,2025,10000.0
Open Road Foundation,2023,117500.0
Opportunity Solutions Project,2016,522500.0
Opportunity Tennessee,2025,10000.0
"Opry Mills Mall Limited Partnership, A Delaware Limited Partnership",2013,20000.0
"Opus Inspection, Inc.",2013,430000.0
Orano Usa Llc,2025,45000.0
"Orexo Us, Inc.",2013,122500.0
Organizing For Action,2014,20000.0
Organon Llc,2021,62500.0
Origis Development Llc,2022,330000.0
Othram,2024,32500.0
"Otsuka America Pharmaceutical, Inc.",2012,242500.0
Otsuka Pharmaceutical Development & Commercialization,2014,20000.0
Our Kids Inc,2025,10000.0
Outdoor Nation,2013,72500.0
Outfront Media,2021,150000.0
Owens Corning,2022,60000.0
"Owlet Baby Care, Inc",2018,32500.0
"Oz Events, Llc",2012,30000.0
Pacific Legal Foundation,2025,20000.0
Padagis Us Llc,2025,20000.0
Palantir Technologies Inc.,2025,65000.0
Parent Power Fund,2013,50000.0
Parent Revolution,2013,20000.0
Parking Enforcement Professionals Tn Inc.,2025,52500.0
Parsons Environment & Infrastructure Group Inc.,2018,117500.0
Partnership For A New American Economy Action Fund,2015,187500.0
"Partnership Management Services, Inc.",2017,32500.0
Path Company,2020,440000.0
Pathgroup,2020,257500.0
"Pathway Healthcare, Llc",2019,72500.0
Patients For Fair Compensation,2014,535000.0
Patriot Angels Consulting Corporation,2022,20000.0
"Pavement Restorations, Inc",2017,120000.0
"Payit, Llc",2017,435000.0
Payments Coalition,2023,182500.0
Pc Solutions & Integration,2016,22500.0
Pde Action,2023,40000.0
Pdt Communications Ltd,2013,10000.0
"Pear Therapeutics (Us), Inc.",2021,95000.0
Pearson Education,2015,1137500.0
"Peer Power Foundation, Inc.",2024,45000.0
Peloton Technology,2017,85000.0
Penn Entertainment,2023,20000.0
Penn Foster,2024,127500.0
"Penn National Gaming, Inc.",2021,55000.0
Pennington Distilling Company,2021,117500.0
People First,2018,30000.0
People United For Privacy,2018,127500.0
"Perfection Group, Inc.",2021,272500.0
Perimeter Properties Llc,2011,377500.0
Persevere,2022,300000.0
Pesg Llc,2011,110000.0
Petersen International Underwriters,2018,32500.0
"Petros Pace Finance, Llc",2020,137500.0
"Pga Tour, Inc.",2019,100000.0
Pharmaceutical Care Management Association,2020,742500.0
Philips North America,2019,602500.0
"Phillips And Jordan, Inc",2022,642500.0
Phillips Infrastructure Corp.,2025,80000.0
Pigeon River Outfitters Association,2025,45000.0
Pinnacle Airlines Corp.,2011,55000.0
"Pinnacle Partners Tennessee, Llc",2015,407500.0
Pinnacle Resource Center,2025,20000.0
Plains And Eastern Clean Line Llc,2015,60000.0
Plasma Games,2022,287500.0
Plaza Mariachi Llc,2017,10000.0
"Pma Financial Network, Llc",2025,42500.0
Pmi Global Services Inc. And Affiliates,2023,22500.0
"Pmi Global Services Inc., Swedish Match North America Llc, And Affiliates",2023,302500.0
Pmi Us Corporate Services Inc. And Affiliates,2025,510000.0
"Pmtn Nashville, Llc",2025,32500.0
"Podium Event Partners, Llc",2025,32500.0
"Poet, Llc",2025,22500.0
Polaris,2021,265000.0
"Polimorphic, Inc.",2025,22500.0
Popcorn Sutton Distilling Llc,2013,95000.0
"Pope'S Plant Farm, Inc.",2018,115000.0
"Possip, Inc.",2025,32500.0
"Possum Holler, Llc",2015,52500.0
"Potter South East, Llc",2013,385000.0
Power-Up America,2023,45000.0
Powers Management,2018,440000.0
Powerschool Group Llc,2025,10000.0
"Powerschool Group, Llc",2021,20000.0
Pra Group,2025,32500.0
"Pre-Paid Legal Casualty, Inc.",2015,222500.0
"Presbyterian Homes Of Tennessee, Inc.",2024,90000.0
"Presencelearning, Inc.",2017,10000.0
Preserving Our Community'S Future,2022,90000.0
Presidio Networked Solutions,2012,105000.0
"Prichard'S Distillery, Inc.",2013,80000.0
Primary Class Inc.,2022,257500.0
"Primerica, Inc",2022,75000.0
Priority Ambulance,2019,540000.0
Prisma Health,2025,160000.0
Prison Fellowship Ministries,2018,255000.0
Professional Beauty Association,2018,20000.0
Professional Certification Coalition,2020,80000.0
"Progressive Sentencing, Inc",2025,20000.0
"Project Belle, Llc",2017,40000.0
"Project Return, Inc.",2019,187500.0
Prontotrak,2025,45000.0
"Propst Development, Llc",2021,85000.0
Protect Our Aquifer,2025,20000.0
Protective Life Corporation,2011,177500.0
Proteus Action League,2019,52500.0
"Provectus Biopharmaceuticals, Inc.",2022,80000.0
"Provision Trust, Inc.",2011,75000.0
"Psynetix Laboratories, Llc",2021,197500.0
Public Entity Partners,2018,4007500.0
Public Risk Insurors,2019,455000.0
Public Service Employees Of Tennessee,2017,20000.0
"Publix Super Markets, Inc.",2013,380000.0
"Pure Storage, Inc.",2019,532500.0
"Purfoods, Llc",2023,50000.0
Qualtrics,2023,190000.0
Quant16,2025,22500.0
Quantinuum,2025,10000.0
Quavered Inc,2021,52500.0
Quest Diagnostics,2012,1170000.0
Questar Assessment Inc,2016,265000.0
Quicken Loans,2018,40000.0
R Leslie Hargrove,2013,20000.0
R Street Institute,2020,60000.0
"R&D Services, Inc.",2019,20000.0
R&S Solutions,2018,52500.0
R. L. Polk & Co.,2014,22500.0
"Racetrac Petroleum, Inc.",2020,45000.0
Raekar Consolidation,2018,20000.0
"Raising Cane'S Restaurants, L.L.C.",2024,52500.0
Rallyusa,2023,42500.0
Raphah Institute,2025,45000.0
Raptor Technologies,2024,270000.0
Rave Mobile Safety,2015,97500.0
Raybin & Weissman,2025,42500.0
Rayus Radiology,2021,267500.0
Reagan Outdoor Advertising,2020,310000.0
Reason Consulting Corporation,2023,65000.0
"Recording For The Blind & Dyslexic, Inc.",2011,10000.0
Recovery Corp.,2014,40000.0
Recovery Is The New High,2025,32500.0
Recreational Vehicle Industry Association,2016,107500.0
"Red Bull North America, Inc.",2011,187500.0
Red White & Food,2015,315000.0
Redmane Technology Llc,2024,32500.0
Reef Technology,2021,117500.0
Reelfoot Family Walk In Clinic,2019,90000.0
Reform Action Fund,2021,20000.0
"Regal Cinemas, Inc.",2020,10000.0
Regions Bank,2022,300000.0
Regionsmart,2021,75000.0
"Reid D Evensky, Pc",2011,20000.0
"Reimbursement Matters, Llc D/B/A Wholesome Technologies, Llc",2021,55000.0
Rekor Systems Inc,2020,117500.0
Relx Inc.,2017,425000.0
"Remetal, Llc",2012,20000.0
"Remi Holdings, Llc",2019,42500.0
Remington College,2012,502500.0
Remote Area Medical,2020,40000.0
Renaissance Life And Health Insurance Company Of America,2024,250000.0
Reniassance,2018,55000.0
Reniassance Learning,2014,215000.0
"Renovate America, Inc.",2015,97500.0
Rent A Center,2011,32500.0
Replica,2022,137500.0
"Repurpose, Llc",2022,85000.0
Resolute Fp Us Inc.,2016,32500.0
Resolve Molecular Diagnostics Llc,2020,307500.0
Resource Environmental Solutions Llc,2020,175000.0
"Restoration Hardware, Inc.",2017,90000.0
"Retailmenot, Inc.",2018,20000.0
Retirement Companies Of America,2011,1302500.0
"Revida Recovery Centers, Llc",2020,252500.0
"Rha Health Services Tn, Llc",2023,412500.0
Rhodes Edge Inc.,2014,42500.0
Rialto Capital Management,2013,75000.0
Ridecare,2025,42500.0
"Rise Partners, Llc.",2021,20000.0
"Riskiq, Inc.",2020,20000.0
"Ritchie Brothers Auctioneers (America), Inc.",2018,150000.0
Rite Of Passage Inc.,2025,80000.0
River City Company,2019,20000.0
Riverfront Development Corp,2019,65000.0
Rj Young,2019,140000.0
"Rlcl Acquisition, Llc Dba Gray Line Of Tennessee",2024,32500.0
"Rmsd Smnp, Llc",2023,20000.0
"Road Master, Inc. Dba Tow Pro",2023,72500.0
"Roane Transportation Services, Llc",2012,10000.0
"Robinhood Markets, Inc.",2024,320000.0
Roblox Corporation,2025,22500.0
Rock Central,2020,40000.0
Rocket Learning,2012,32500.0
Rocket Mortgage,2024,170000.0
Rocketship Education,2014,590000.0
Roman Catholic Diocese Of Knoxville,2014,10000.0
Rooted Supply Company,2025,10000.0
Rosetta Stone,2020,22500.0
Roundtower Technologies,2018,62500.0
Rreef America,2013,110000.0
Rsm Us Llp,2025,65000.0
"Rural Health Alliance, Llc",2021,65000.0
Rural Metro Ambulance,2012,80000.0
"Rwe Clean Energy Services, Llc",2025,20000.0
"Rwe Clean Energy, Llc",2024,20000.0
"Rx Development Associates, Inc",2013,247500.0
"Ryan, Llc",2025,20000.0
Ryman Hospitality,2013,1527500.0
Ryo MacHine Llc.,2012,52500.0
Safe Access Tennessee,2016,170000.0
Safe Rx,2017,100000.0
Safe Schools,2021,30000.0
Safety And Advocacy For Empowerment (Safe),2024,87500.0
"Safire Technology Group, Inc.",2024,22500.0
"Salesforce, Inc.",2023,160000.0
"Salesforce.Com, Inc.",2021,120000.0
"Samsara, Inc",2025,52500.0
Sandoz Inc.,2022,70000.0
Sandy Hook Promise Action Fund,2023,125000.0
"Sanorbix, Llc",2017,187500.0
Sap Concur,2025,85000.0
Sas Institute,2011,1492500.0
"Savannah Family Institute, Inc.",2016,20000.0
Save Tennessee History,2021,40000.0
Save The Children Action Network,2019,230000.0
Save The Duck,2023,100000.0
Sazerac Company,2017,740000.0
"Scepter, Inc.",2012,20000.0
Schneider Electric,2016,555000.0
Scholarpath,2023,32500.0
Scholastic Inc.,2013,152500.0
Schoolseed Foundation,2020,20000.0
Schroder Investment Management North America Inc,2014,610000.0
Science Applications International Corporation,2017,315000.0
Scientific Games,2012,615000.0
"Scientific Games, Llc",2022,180000.0
Scripps Networks Interactive,2017,45000.0
Scriptguiderx,2022,235000.0
Sdp Procurement Of Tennessee Inc,2014,52500.0
"Seatgeek, Inc.",2025,52500.0
"Secmed Funding, Llc",2021,52500.0
Secure Ai Project,2025,10000.0
Secure Democracy,2018,250000.0
Securities Industry And Financial Markets Association,2016,420000.0
Security Innovation Center,2018,20000.0
"Securus Technologies, Inc.",2017,652500.0
Sedera,2021,45000.0
Seeding Success,2019,200000.0
"Select Management Resources, Llc",2019,132500.0
"Sellers, Dorsey & Associates",2014,897500.0
"Senior Living Support Services, Inc.",2019,52500.0
Seqirus,2024,22500.0
Seqirus Usa Inc.,2024,67500.0
Sequel Youth & Family Services Llc,2021,20000.0
Service Contract Industry Council,2011,140000.0
Service Employees International Union,2011,1697500.0
Servpro Industries,2015,497500.0
Sevierville Chamber Of Commerce,2022,167500.0
Sexual Assault Center,2020,192500.0
"Sg Holdings, Llc",2024,150000.0
Sh Advisors Llc,2024,127500.0
"Shadowtrack Technologies, Inc.",2023,85000.0
Share Our Strength,2025,122500.0
"Sharecare, Inc.",2016,252500.0
Sharp Electronics Corporation,2012,42500.0
Sharprank,2024,40000.0
Shatterproof,2021,10000.0
Shelby County 9-1-1 District,2013,107500.0
Shelby County Association Of Charter Schools,2015,40000.0
Shelby County Election Commission,2011,10000.0
"Shipt, Inc.",2025,20000.0
Shire Us,2016,170000.0
Shmoop University,2016,62500.0
Short Mountain Distillery,2018,20000.0
Si Group Client Services,2018,225000.0
Sideprize Llc D/B/A Prizepicks,2023,40000.0
Sierra Club,2015,10000.0
"Signal Group Consulting, Llc",2019,85000.0
Signature Healthcare Consulting Services,2015,100000.0
Sixteen Thirty Fund,2020,50000.0
"Sk Life Science, Inc.",2020,50000.0
Skincure Oncology,2024,20000.0
Skinny Labs Inc. (Dba Spin),2019,102500.0
Sky High Sports,2018,20000.0
Sme Education Foundation,2025,42500.0
Smelter Service Corporation,2012,20000.0
Smiledirectclub,2019,182500.0
"Smith & Nephew, Inc.",2018,32500.0
"Smith & Wesson Brands, Inc.",2023,182500.0
"Smithfield Foods, Inc.",2024,207500.0
Smoky Mountain Vacation Lodging Association,2011,192500.0
Society Of Diagnostic Medical Sonography,2018,40000.0
Society Of Neurointerventional Surgery,2017,137500.0
Solarcity,2016,20000.0
Solari Inc.,2023,155000.0
Sourcewell,2025,35000.0
South Central Tennessee Development District,2020,457500.0
"South Tennessee Oil Company, Inc.",2025,20000.0
"Southcomm Communications, Inc.",2011,72500.0
Southeast Financial Credit Union,2012,170000.0
Southeast Regional Development Corporation,2022,20000.0
Southeastern Carpenters Regional Council,2018,315000.0
"Southeastern Loan Funding, Llc",2021,135000.0
"Southeastern University, Inc",2024,170000.0
"Southern Biomedical Industries, Llc",2021,100000.0
Southern College Of Optometry,2017,570000.0
"Southern Glazer'S Wine And Spirits, Llc",2017,597500.0
Southern Pharmacy Cooperative,2011,355000.0
"Southern Poverty Law Center, Inc.",2018,20000.0
Southern Regional Council Of Carpenters,2025,22500.0
Southern Renewable Energy Association,2023,235000.0
Southwest Airlines Co.,2016,765000.0
Southwind Residents Property Association,2016,200000.0
Spark Dental Management,2023,10000.0
Speakeasy Marketing,2015,20000.0
Special Olympics Tennessee,2019,210000.0
Specialized Carriers & Rigging Association,2015,77500.0
"Spiro Environmental, Llc",2019,42500.0
Sports Betting Alliance,2022,490000.0
Sportsmen'S Alliance,2021,20000.0
"Spotify Usa, Inc.",2025,20000.0
Springleaf Finance Management Corporation (F/K/A American General Finance Management Corporation),2011,42500.0
Sprint,2013,567500.0
Staar,2019,65000.0
Stac Media,2023,10000.0
"Staffco, Inc",2021,202500.0
"Stand For Children, Inc.",2025,20000.0
Stand Up Nashville,2021,20000.0
Stantec Consulting Services Inc.,2024,42500.0
Star Community Builders,2022,215000.0
Stardust Marina,2024,32500.0
Starkey Hearing Technologies,2025,42500.0
Starlink Logistics Inc.,2018,95000.0
State Armor Action,2023,305000.0
"State Privacy And Security Coalition, Inc.",2021,90000.0
State Shield Action,2025,160000.0
State Shield Inc,2024,52500.0
Status Solutions,2019,100000.0
Steersafe Partnership,2025,22500.0
Stephen Lafrance,2020,160000.0
Steris,2021,217500.0
"Sterne Agee Group, Inc.",2012,32500.0
"Stg International, Inc",2011,10000.0
Stircor,2025,45000.0
Stonemor Operating Llc,2016,52500.0
Stonepile Online Construction College,2022,32500.0
"Strategic Behavioral Health, Llc",2014,100000.0
Strategic Principles Llc,2024,85000.0
Strengthen Our Schools,2018,120000.0
"Stripe, Inc.",2023,50000.0
Stubhub,2023,255000.0
Students For Life Action,2022,30000.0
Study Edge,2018,82500.0
Studyville Llc,2025,42500.0
Stv Incorporated,2022,277500.0
Subtext Investment Management Company (Simco),2023,40000.0
Succeed With Amazing Grace Llc,2013,10000.0
Sugar Creek Realty,2025,65000.0
Sugarland Cellars,2014,32500.0
"Sugarlands Distilling Company, Llc",2013,527500.0
"Sumitomo Pharma America, Inc.",2024,20000.0
Summit Consulting Llc,2016,30000.0
Sunovion Pharmaceuticals Inc.,2011,240000.0
Sunrun Inc.,2016,70000.0
Superior Drivers Institute,2025,22500.0
Support Popular Vote,2011,252500.0
"Support Solutions Of The Mid-South, Llc",2016,537500.0
Susan B. Anthony List,2019,30000.0
Susan B. Anthony Pro-Life America,2022,70000.0
Susan G. Komen,2023,30000.0
Svmic,2020,327500.0
Swimply,2022,105000.0
Swisher International Inc.,2023,112500.0
"Synergasia Health Technologies, Inc",2020,20000.0
"Synergy Health Technologies, Inc",2021,30000.0
Syra Health Corp,2022,80000.0
Syra Health Corp.,2023,20000.0
T Rex Arms Inc,2019,327500.0
Tac,2012,127500.0
"Tae Technologies, Inc.",2019,170000.0
Tana Kimbro,2021,10000.0
"Tao, Llc",2019,52500.0
Target Corporation,2014,587500.0
Tata Consultancy Services (Tcs),2021,105000.0
Tawani Enterprises,2023,110000.0
Taxpayers For Logical Sentencing,2021,85000.0
Tc Energy,2022,340000.0
Teachers Insurance And Annuity Association (Tiaa),2016,407500.0
Teaching Strategies,2024,95000.0
"Tech Friends, Inc.",2023,192500.0
Tech901,2021,365000.0
Technet,2021,102500.0
Teladoc Health,2020,305000.0
Tellico Village,2017,642500.0
Tenderheart Health Solutions,2022,130000.0
"Tenenssee Provider Coalition, Inc.",2013,135000.0
Tenet Healthcare,2024,107500.0
Tenncangrow Llc,2014,160000.0
Tenncap,2023,215000.0
Tenndao,2022,40000.0
Tenneseia,2012,492500.0
Tennesse Judicial Conference,2020,182500.0
Tennessean'S For Quality Early Education,2016,1972500.0
Tennesseans Against Death Taxes,2012,90000.0
Tennesseans For Capital Punishment Reform,2020,312500.0
"Tennesseans For Compassionate Care, Llc.",2014,32500.0
Tennesseans For Economic Growth,2011,155000.0
Tennesseans For Economic Opportunity,2013,52500.0
Tennesseans For Fair And Impartial Courts,2011,187500.0
"Tennesseans For Public Participation, Inc.",2018,62500.0
Tennesseans For Student Success,2014,1625000.0
Tennesseans United,2014,200000.0
Tennessee 811,2013,827500.0
Tennessee Academy Of Anesthesiologist Assistants,2023,195000.0
Tennessee Academy Of Family Physicians,2024,52500.0
Tennessee Academy Of Ophthalmology,2013,1025000.0
Tennessee Academy Of Ophthalmology (Tnao),2019,320000.0
Tennessee Academy Of Pediatric Dentistry,2013,557500.0
Tennessee Acupuncture Council,2019,55000.0
Tennessee Alcohol Monitoring Systems,2022,202500.0
Tennessee Alliance For Fair Airport User Fees,2014,100000.0
"Tennessee Aluminum Processors, Inc.",2012,20000.0
Tennessee Ambulatory Surgery Center Association,2013,642500.0
Tennessee Anti-Slavery Alliance,2016,302500.0
Tennessee Appraisal Coalition,2014,20000.0
Tennessee Aquarium,2025,22500.0
Tennessee Association For Behavior Analysis,2013,385000.0
Tennessee Association Of Assessing Officers,2013,1667500.0
Tennessee Association Of Beauty Professionals,2013,75000.0
Tennessee Association Of Chiefs Of Police,2021,567500.0
Tennessee Association Of Goodwills,2015,45000.0
Tennessee Association Of Independent Schools,2015,100000.0
Tennessee Association Of Independent Schools (Tais),2020,140000.0
Tennessee Association Of Property Tax Professionals,2015,165000.0
Tennessee Auctioneers Association,2017,320000.0
"Tennessee Aviation Association, Inc.",2016,20000.0
"Tennessee Blockchain Alliance, Inc.",2018,20000.0
Tennessee Business Partnership,2014,70000.0
Tennessee Cannabis Retailers Association,2023,20000.0
"Tennessee Captive Insurance Association, Inc.",2015,215000.0
Tennessee Cash Advance Association,2021,2350000.0
Tennessee Catholic Conference,2022,307500.0
Tennessee Cdl School Inc,2024,20000.0
Tennessee Central Railway Museum,2022,32500.0
Tennessee Charitable Care Network,2016,92500.0
Tennessee Charter School Allies,2023,20000.0
Tennessee Citizens For Wilderness Planning,2025,10000.0
Tennessee Coalition To End Domestic And Sexual Violence,2023,87500.0
Tennessee Community Corrections Association,2018,232500.0
Tennessee Council Of Juvenile & Family Court Judges,2018,365000.0
Tennessee Counter-Trafficking Alliance,2022,95000.0
Tennessee Craft Brewers Guild,2020,132500.0
Tennessee Dermatology Society,2023,110000.0
Tennessee Distillers Guild,2014,1662500.0
Tennessee Distilling Group Llc,2019,45000.0
Tennessee Ecological Restoration Association,2021,145000.0
Tennessee Educators Of Color Alliance,2024,42500.0
Tennessee Electronic Security Assn,2011,765000.0
Tennessee Emergency Medicine Physician Alliance,2016,267500.0
Tennessee Employer Benefits Alliance,2024,52500.0
Tennessee Entertainment Alliance,2017,50000.0
Tennessee Faith & Freedom Coalition,2023,100000.0
Tennessee Farm Winegrowers Alliance,2013,740000.0
Tennessee Federation For Children,2013,3967500.0
Tennessee Fire Service Legislative Coalition,2017,365000.0
Tennessee First Entertainment Llc,2021,110000.0
Tennessee Food Bank Association,2025,20000.0
Tennessee Freedom Circle,2023,232500.0
Tennessee Freedom Initiative,2024,95000.0
Tennessee Gamefowl Breeders Association Inc.,2021,32500.0
Tennessee General Sessions Judges Conference,2011,665000.0
Tennessee Golf Assocation,2017,40000.0
Tennessee Grower'S Coalition,2018,10000.0
Tennessee Growers Coalition,2019,577500.0
"Tennessee Health Management, Inc.",2014,162500.0
Tennessee Healthy Alternatives Association,2022,412500.0
"Tennessee Heavy Duty Towing & Recovery Alliance, Inc.",2017,110000.0
Tennessee Heritage Pac,2019,30000.0
Tennessee Higher Education Initiative,2025,65000.0
"Tennessee Holdings, Llc",2024,10000.0
Tennessee Hospitality & Tourism Association,2020,2020000.0
Tennessee Independent Baptists For Religious Liberty,2019,30000.0
Tennessee Infrastructure Alliance,2015,1837500.0
Tennessee Interventional And Imaging Associates,2025,42500.0
Tennessee Justice Center,2015,332500.0
Tennessee Justice For Our Neighbors,2025,20000.0
Tennessee Logos Inc.,2016,32500.0
Tennessee Manufacturers Association,2014,377500.0
Tennessee Medical Cannabis Trade Association,2018,312500.0
"Tennessee Medicinal Plant Products, Llc",2015,42500.0
Tennessee Municipal Bond Fund,2019,787500.0
Tennessee Music Education Association (Tmea),2017,425000.0
Tennessee Network Of Security Integrators Formerly Tennessee Electronic Security Assoc.,2020,350000.0
Tennessee Nonprofit Network,2023,230000.0
"Tennessee Oncology, Pllc",2020,1080000.0
Tennessee Osteopathic Medical Association,2024,20000.0
Tennessee Partnership For Affordable Healthcare,2025,45000.0
Tennessee Pork Producers Association,2025,20000.0
Tennessee Poultry Association,2025,32500.0
Tennessee Prader-Willi Association,2019,30000.0
"Tennessee Precious Metals, Coin & Currency Coalition",2019,92500.0
Tennessee Pride Chamber,2023,190000.0
Tennessee Processing Center Llc,2021,32500.0
Tennessee Property Rights Council,2016,160000.0
Tennessee Prospers,2021,685000.0
Tennessee Psychiatric Association,2025,45000.0
Tennessee Railroad Association (Tnrra),2015,935000.0
Tennessee Recovery & Monitoring,2013,420000.0
"Tennessee Recovery Coalition, Inc.",2017,367500.0
Tennessee Renewable Energy & Economic Development Council,2019,30000.0
Tennessee Republican Assembly (Tra),2017,20000.0
Tennessee Self Storage Association,2011,200000.0
Tennessee Self-Insurers Association,2014,580000.0
Tennessee Smoke Free Association,2017,1000000.0
Tennessee Society For Laser Medicine & Surgery,2013,75000.0
Tennessee Soybean Association,2025,122500.0
Tennessee Specialty Pharmacies Coalition,2025,90000.0
Tennessee Sports & Entertainment Industry Coalition,2013,32500.0
Tennessee State Court Clerk Association,2025,22500.0
Tennessee State Electrical Workers Association,2016,377500.0
Tennessee State Pipe Trades Association,2018,412500.0
Tennessee State Trooper Association,2016,807500.0
Tennessee State Veterans' Homes Board,2011,10000.0
Tennessee Sub S Bank Association,2012,85000.0
Tennessee Subcontractors Association,2021,300000.0
Tennessee Subcontractors Association Pac,2025,22500.0
Tennessee Title Underwriters Coalition,2018,52500.0
Tennessee Tow Truck Association,2013,540000.0
Tennessee Trial Judges Association,2011,625000.0
Tennessee Valley Floating Homes Alliance,2016,20000.0
Tennessee Valley Railroad Museum,2022,62500.0
"Tennessee Wholesale Nursery, Llc",2018,20000.0
Tennessee Wildlife Officers Association,2018,250000.0
Tennessee Women'S Chamber Of Commerce,2016,10000.0
"Tennessee Youth Courts, Inc.",2019,20000.0
Tennessee911,2022,1697500.0
Tennesseecan,2019,3410000.0
Tennova Healthcare,2011,160000.0
"Tenzing Energy Solutions, Llc",2014,155000.0
Tesla Motors,2014,97500.0
"Teva Pharmaceuticals Usa, Inc.",2012,120000.0
Texas Public Policy Foundation,2017,857500.0
The Adoption Project,2022,227500.0
The Alliance Of Deposition Firms,2013,125000.0
The American Congress Of Obstetricians And Gynecologists,2017,45000.0
The American Counseling Association,2016,102500.0
The Babcock & Wilcox Company,2013,72500.0
"The Ball Gentlemen'S Club, Inc.",2018,32500.0
"The Bgjw Group, Inc.",2017,10000.0
"The Bipartisan Network, Llc",2023,42500.0
The Brick Industry Association,2020,132500.0
The Children'S Museum Of Memphis,2022,70000.0
"The Club At Kings Chapel, Llc",2025,10000.0
The Coalition For Better Health,2022,50000.0
The Coalition Of Middle Tennessee Title Agents,2014,32500.0
"The Coin Purse, Inc",2012,20000.0
The College Entrance Examination Board,2021,80000.0
The Conservation Fund,2012,20000.0
The Education Trust,2021,310000.0
The Equity Alliance Fund,2020,40000.0
The Fallon Company,2023,52500.0
The Farm Nashville Llc,2024,175000.0
The Foundation For Research On Equal Opportunity,2024,57500.0
The Good Food Institute,2019,137500.0
"The Gordian Group, Llc",2022,55000.0
The Hamilton County Herald,2011,187500.0
The Home Depot,2016,30000.0
"The Hyatt Company Of Tn, Llc",2020,30000.0
"The Industrial Board Of The City Of Brownsville And Haywood County, Tn",2023,242500.0
"The Jason Foundation, Inc.",2016,20000.0
The Jordan Thomas Foundation,2022,32500.0
The Kroger Company,2013,307500.0
"The Lewis Group Architects, Inc., P.C.",2018,40000.0
"The McPherson Group, Llp",2015,32500.0
The Mentor Network,2021,137500.0
The Money Services Round Table C/O Cooley Llp,2021,45000.0
The Muse Knoxville,2025,22500.0
The Neuro-Spine Committee,2011,510000.0
The Next Door,2017,10000.0
"The Overton Park Shell, Inc.",2021,265000.0
The Pew Charitable Trusts,2011,395000.0
The Philanthropy Roundtable,2013,32500.0
The Phoenix Sciences Group Llc,2017,65000.0
"The Plateau Group, Inc.",2023,75000.0
The Praxis Project Inc.,2025,85000.0
"The Proton Therapy Center, Llc",2014,562500.0
The Public Building Authority Of The Sevierville Events Center,2011,60000.0
The Recording Academy,2014,20000.0
The Register,2020,42500.0
The Rmr Group Llc,2023,180000.0
"The Schwartzberg Companies Of New York, Inc. D/B/A The Schwartzberg Companies",2016,40000.0
The Small Businesses Of Fantasy Sports Trade Association,2016,20000.0
"The Smart Solutions Group, Inc.",2016,67500.0
The Sweet Addiction,2025,10000.0
The Trevor Project Inc.,2022,40000.0
The United Company,2019,520000.0
The Us Oncology Network,2024,245000.0
The Washington Center,2019,332500.0
The Weston A. Price Foundation (Wapf),2022,82500.0
The Women'S Advocacy Center,2025,20000.0
Thentia,2023,22500.0
Theranos,2015,55000.0
Think Tennessee,2018,347500.0
Thistle Farms,2023,110000.0
Thomas Hayes & Associates Llc,2014,32500.0
Thomas Land And Development Llc,2015,87500.0
Thrive Skilled Pediatric Care,2019,237500.0
"Ticket Software Llc Dba Ticketnetwork, Inc.",2011,512500.0
Tiktok Inc.,2023,212500.0
Tiktok Inc. Us,2022,107500.0
"Timothy D. Padgett, P.A.",2023,65000.0
Tirrc Votes,2019,310000.0
Titan Partners Llc,2020,22500.0
Title Loan Association Of Tennessee,2011,700000.0
"Tivoli Theatre Foundation, Inc.",2023,180000.0
"Tle Enterprises, Llc.",2025,32500.0
Tlpca,2021,115000.0
Tmba,2016,142500.0
Tme Properties,2018,20000.0
Tn Academy Of Nutrition And Dietetics,2016,357500.0
Tn Action 24/7,2020,447500.0
Tn Afterschool Network/United Ways Of Tn,2020,100000.0
Tn Alliance For Children And Families,2022,70000.0
Tn Assn. For Children'S Early Education,2017,100000.0
Tn Association Of Pastoral Therapists,2016,20000.0
Tn Chapter Of Children'S Advocacy Centers,2016,365000.0
"Tn Chapter, International Carwash Association",2019,90000.0
Tn Counseling Assn.,2017,32500.0
Tn Development District Assn,2022,277500.0
Tn Paddlesports Association,2019,255000.0
Tn Restaurants Pac,2022,32500.0
Tn Skyline Llc,2025,90000.0
Tn Society Of Laser Medicine And Surgery,2014,162500.0
Tn State Trooper Assn,2012,140000.0
Tn Vets For Medical Cannabis,2018,40000.0
Tn Voices,2024,107500.0
Tnachieves,2022,190000.0
Tobacco-Free Kids Action Fund,2022,40000.0
Tonkon Torp Llp,2015,32500.0
Tootsies Entertainment Llc,2023,175000.0
Total Systems Services,2019,45000.0
Total Wine & More,2016,1450000.0
Town Of Farragut,2015,82500.0
Town Of Smyrna,2018,22500.0
"Tracfone Wireless C/O Floridian Partners, Llc",2011,117500.0
"Track Group, Inc.",2021,100000.0
Trajector Medical,2025,10000.0
Trane Technologies Company Llc,2021,382500.0
Transfrvr Inc.,2022,30000.0
"Transparentbusiness, Inc.",2019,20000.0
Transunion,2015,10000.0
Travel Tech: The Travel Technology Association.,2012,312500.0
Treatment Advocacy Center,2019,50000.0
Treehouse Grove Llc,2022,32500.0
Tremco Cpg Inc.,2024,107500.0
Tri Elite Holdings Llc,2017,107500.0
Tri-Cities Airport Authority,2017,65000.0
Tri-Cities Holdings Llc,2013,20000.0
Tri-Star Management Llc,2016,30000.0
"Trilogy Integrated Resources, Llc",2015,312500.0
Trinity Business Group Llc,2022,212500.0
"Trinity Highway Products, Llc",2016,90000.0
Triton Management Services Llc,2014,1032500.0
Truecore Behavioral Solutions Llc,2018,117500.0
Trunorth Public Policy,2024,40000.0
Trusted Solutions,2022,70000.0
Truven Health Analytics,2013,87500.0
Tslms,2013,1325000.0
Tsop,2016,175000.0
"Tune, Entrekin & White",2012,45000.0
"Turbo Technology, Inc. (Dba Zebra, Inc)",2020,32500.0
Turning Point Brands,2016,212500.0
Turo,2019,287500.0
Tusk Philanthropies,2024,30000.0
"Tutored By Teachers, Inc.",2025,32500.0
"Twenty Labs, Llc",2021,140000.0
"Twin K Construction, Inc.",2021,667500.0
"Tyler Technologies, Inc.",2025,10000.0
U.S. Chamber Of Commerce,2013,1340000.0
U.S. Green Building Council Middle Tn,2011,20000.0
U.S. Hemp Roundtable,2025,20000.0
U.S. Tire Manufacturers Association,2022,20000.0
Uber,2014,1202500.0
Ukg,2020,42500.0
Ultragenyx Pharmaceutical Inc.,2022,147500.0
"Underdog Sports Holdings, Inc. D/B/A Underdog Fantasy",2025,22500.0
"Unico Technology, Llc",2017,32500.0
"Unite Usa Inc (""Unite Us"")",2022,347500.0
United Campus Workers,2018,42500.0
United Chiropractic Llc,2018,10000.0
United Data Technologies,2025,65000.0
"United Naturals, Inc.",2015,22500.0
United Way Of Greater Chattanooga,2024,127500.0
Unity Financial Life Insurance Company,2012,20000.0
"Universal Electronics, Inc.",2011,10000.0
University Of Memphis,2023,130000.0
University Of Memphis Foundation,2015,577500.0
University Of The South,2017,32500.0
University Support Services Llc,2018,52500.0
Univita Health Inc.,2013,20000.0
Uptown Property Holdings Llc,2016,437500.0
"Upwards Care, Inc.",2025,10000.0
Urban Sdk,2022,42500.0
Urban Story Ventures,2020,960000.0
Us Amusements & Novelites,2021,20000.0
Us Justice Action Network,2017,52500.0
Us Nitrogen Llc,2011,562500.0
Us Term Limits,2016,450000.0
Us Travel Insurance Association (Ustia),2021,55000.0
Us Worldmeds,2019,127500.0
Usa Cares,2025,32500.0
"Uscc Services, Llc",2018,357500.0
Uwill,2024,32500.0
Vaco,2022,22500.0
Vanderbilt University,2012,4025000.0
Vanderbilt University Medical Center,2016,1430000.0
Vanguard Government Relations,2025,20000.0
"Vaughn Development Group, Inc.",2011,75000.0
"Veeo, Llc",2023,42500.0
Ventec Life Systems,2019,10000.0
Venue 109 Apartments L.P.,2024,145000.0
"Vera Action, Inc.",2021,10000.0
Vera Institute Of Justice,2018,207500.0
Veridos America Inc.,2020,42500.0
Verify4,2021,175000.0
Verizon,2011,1910000.0
Verra Mobility Corporation And Its Affiliates,2023,117500.0
Vertex Pharmaceuticals Incorporated,2015,782500.0
Vesta Solutions Inc,2020,117500.0
Veterans Guardian Va Claim Consulting Llc,2024,142500.0
Veterinary Virtual Care Association,2023,42500.0
Via Science,2025,65000.0
Viable Inc.,2023,122500.0
"Victim Policy Institute, Inc",2025,90000.0
Viiv Healthcare,2025,20000.0
"Vimo, Inc.",2020,65000.0
Vincente Sederberg Llc,2019,20000.0
Vinoshipper C/O Multistate Associates Llc,2025,45000.0
Vinyl Siding Institute,2018,10000.0
Visa,2018,872500.0
"Vista Truth, Inc.",2014,115000.0
Vitalsource,2017,410000.0
Vitruvan Health Care System,2025,20000.0
Viva Johnson,2011,22500.0
Vivid Seats Llc,2023,65000.0
Voices For Safer Tennessee,2023,575000.0
"Volkert, Inc.",2014,1242500.0
"Volunteer Materials, Llc",2022,415000.0
"Volunteers Of America Mid-States, Inc.",2016,55000.0
"Vonlane Tn, Llc",2022,75000.0
Votec Corporation,2018,220000.0
Vsm Management Llc D/B/A Southern Dental Alliance,2021,52500.0
Vtm Llc,2017,65000.0
Wacker Polysilicon North America Llc,2011,940000.0
"Wagr, Inc.",2021,130000.0
Walden University C/O Multistate Associates Inc.,2015,105000.0
Walgreen Co.,2015,340000.0
"Walk2Town Holdings, Llc",2021,127500.0
Walnut Falls Farm,2019,32500.0
Washington County Economic Development Council,2018,32500.0
Waste Control Specialists Llc,2011,80000.0
"Watauga Recovery Centers, Inc.",2015,205000.0
Water Sports Industry Association,2022,242500.0
Waterford,2025,10000.0
"Wawa, Inc",2025,42500.0
Waymo Llc,2025,65000.0
"Wayne Halfway House, Inc.",2012,1042500.0
"Well Child, Inc.",2013,222500.0
"Wellness Solutions, Inc.",2012,32500.0
"Wesley Financial Group, Llc",2022,212500.0
West Kentucky Rural Telephone Dba Wk&T,2018,142500.0
Western Union,2012,127500.0
Wgu Tennessee,2017,747500.0
Whatabrands Llc,2023,122500.0
"White Oak Global Advisors, Llc",2017,180000.0
Wilbur Smith Associates,2011,45000.0
William R Moore College Of Technology,2025,85000.0
Williamson County Chamber Of Commerce,2019,140000.0
"Willowbend Farms, Inc",2021,40000.0
"Windmill Title, Llc",2011,55000.0
Winrock International,2021,490000.0
Winton Capital,2015,30000.0
Wireless Infrastructure Association,2018,65000.0
Wireless Infrastructure Association C/O Multistate Associates Llc,2023,45000.0
Wold Architects Incorporated,2023,255000.0
Wolf Pac,2020,240000.0
"Wolf River Conservancy, Inc.",2020,125000.0
"Wolf River Harbor Holdings, Llc",2020,337500.0
Women'S Fund Of Greater Chattanooga,2018,227500.0
Women'S Political Collaborative Of Tn,2011,197500.0
Wonderschool,2023,172500.0
"Workday, Inc.",2022,127500.0
World Relief Corporation Of The National Association Of Evangelicals,2025,20000.0
Wsia,2018,85000.0
Wsp Usa Inc.,2024,130000.0
X Corp.,2025,20000.0
"Xcaliber International, Ltd., L.L.C.",2018,52500.0
Xerox,2012,465000.0
Yahoo! Inc.,2016,20000.0
Yes. Every Kid.,2021,637500.0
Yescare Corp.,2022,447500.0
Ymca Of Memphis And The Mid-South,2023,192500.0
Young Americans For Liberty,2023,212500.0
"Your People, Inc. D/B/A Zenefits Ftw Insurance Services",2016,32500.0
"Youscience, Llc",2016,375000.0
"Youth Advocate Programs,",2023,135000.0
Youth Law Center,2023,30000.0
Youth Opportunity Investments,2018,152500.0
Youth Villages,2011,1325000.0
Ywca,2016,140000.0
"Zais Group, Llc",2022,80000.0
Zebra Technologies,2013,230000.0
Zillow Group,2019,212500.0
"Zimmer, Inc.",2018,20000.0
Zochem Llc,2025,42500.0
"Zscaler, Inc.",2022,260000.0
